카테고리,채널명,채널ID,설명,구독자 수,영상 수,총 조회수
영화 애니메이션,쭌무비,UCCuVtrXizlmVfADF4eBIvUA,"안녕하세요 '쭌무비' 입니다.
즐겁게 보셨다면 구독과 좋아요 그리고 알림 설정까지!!!
자 '쭌무비' 보러 시원하게 드 가즈아아!!!!!

퀄리티 보장! 꿀잼 보장! 병맛 리뷰로
웃음 챙겨드리도록 노력하겠습니다. 
감사합니다!^^

비즈니스 문의 : jjunmovies@gmail.com
",224000,142,118671468
영화 애니메이션,한국애니메이션고등학교 (KAH TVNFILM),UChcGx_bNMOkQ9PkZ5--Y6fQ,"한국애니메이션고등학교 영상연출과  공식채널입니다.
This is the official channel for TV and Film Production department of Korea Animation High School.
",624,306,75854
영화 애니메이션,Pingu - Official Channel,UCM88mtSE0zRTn5ae4EbYcuw,"The Official Pingu Youtube Channel

Pingu is a charming and cheeky young penguin who is always up to mischief. Along with his mom, dad, little sister, and all his friends, Pingu gets himself into comical situations in the snowy world in which he lives.

Be sure to subscribe to our channel so you can be the first to watch all the great Pingu videos available on YouTube!",7320000,724,3011542352
영화 애니메이션,모두의 명작,UCPTuv3yK6WnrcTFWU7G1Kyw,"많은 사람들에게 명작이 될 애니메이션을 소개합니다.

비즈니스 문의 : l76202060@gmail.com",323000,357,183459184
영화 애니메이션,세명대학교 영화웹툰애니메이션학과,UCQlljDK2rNBWlm57r0X7zMQ,"구독하시면 다양한 영화와 영상을 보실 수 있습니다! ٩(๑❛ᴗ❛๑)۶
",33,31,6019
영화 애니메이션,무료영화 애니메이션 더빙모아나 코난 원피스,UCQ8WZM4TAqwPJLoeEgSmhEw,,6,1,987
영화 애니메이션,RunningMan 런닝맨,UCHTeBVPmUtbJ1Mfqo_YK9YQ,"애니메이션 런닝맨 공식 유튜브 채널입니다

“ It’s Running Time!!”

▶런닝맨 채널 구독하기!
https://goo.gl/sJnufZ

▶런닝맨 공식 블로그
http://blog.naver.com/runningman_animation

-----------------------------------------------------------------------------------------------------------

Official Youtube Channel of RUNNINGMAN ANIMATION

“ It’s Running Time!!”

▶Subscribe YouTube Channel
https://goo.gl/sJnufZ

▶Official blog for more information
http://blog.naver.com/runningman_animation",135000,354,149800174
영화 애니메이션,다시봐도 레전드,UC_pGsciB3tZj7kmZTMs0aSA,"명작은 영원하다.

감동, 소름, 웃음...
다시 봐도 레전드인 그 장면들.

애니메이션으로 다시 살아난
드라마·영화의 명장면!

구독하고 함께 추억 속으로 빠져보세요.
다음 명장면은 댓글로 추천해주세요!
",9,17,29536
영화 애니메이션,애니와 영화에 모두 미친놈이야,UCYpOM-GQnbo1j1RL7I_iHmg,,338,15,132350
영화 애니메이션,애니메이션영화,UC_SpPrKPIDmxM0xpY7EmUYA,,2,1,6965
영화 애니메이션,나롱이네,UCdxuGQUbk-SeJlZxMtLGzAg,"나롱이네에 어서오세요^~^

나롱이네는 나레이션을 맡고 있는 나롱주인과 마스코트 캐릭터 나롱이가 함께 애니리뷰를 하는 채널입니다~

*문의
nalong643@gmail.com",449000,1417,350260753
영화 애니메이션,애니콘다,UCGcNwc39FWRoW6w0s1u5eKw,"
",2360,25,9898
영화 애니메이션,와!애니무비,UCndHCoPPcuBJcUwPhTJKEXQ,"🎬 추억의 영화 & 애니메이션 모음 🎬
어릴 적 우리를 웃고 울게 했던 추억의 영화와 애니메이션을 다시 만나보세요! 💿✨

👾 80~90년대 특촬물, SF, 코미디, 감동 애니까지!
🦸‍♂️ 슈퍼 히어로, 괴수 영화, 공룡 모험극 총집합!
🎶 OST와 함께 떠나는 향수 여행!

🔔 좋아요, 구독, 알림 설정으로 더 많은 영상을 만나보세요!
📢 함께 보고 싶은 작품이 있다면 댓글로 추천해주세요!
 👩‍✈️ 저작권 침해 동영상이 있으면... 댓글 남겨주세요.. 바로 삭제 하겠습니다. 
",730,659,164730
영화 애니메이션,애니이야기&집합소,UCAtTMf8rHBiJ83mWhDLbObQ,세상 모든 애니모음🔥,79800,167,11639962
영화 애니메이션,애니메이션 영화 ,UC7lWfZZyMiK6Fgi4HpztOpA,,0,2,8
영화 애니메이션,Sony Pictures Animation,UCnLuLSV-Oi0ctqjxGgxFlmg,"Sony Pictures Animation produces animated entertainment for audiences around the world. The studio is currently in production on ""Spider-Man™: Beyond the Spider-Verse,"" the highly-anticipated conclusion to the Spider-Verse trilogy, which began with 2018's Academy Award®-winning ""Spider-Man™: Into the Spider-Verse.""

The studio's upcoming features include ""GOAT,"" an original animated sports comedy from producer Stephen Curry's Unanimous Media, and the tentatively-titled ""KPop Demon Hunters,"" a musical action adventure set against one of the most popular music movements of this generation.

The division is also behind the critically-acclaimed ""The Mitchells vs. The Machines,"" the hit film series ""Cloudy with a Chance of Meatballs,"" and the beloved franchise ""Hotel Transylvania,"" which will continue its story with the upcoming ""Motel Transylvania"" series.

Sony Pictures Animation, founded in 2002, is a division of the Sony Pictures Motion Pictures Group for Sony Pictures Entertainment.
",1230000,530,539981112
영화 애니메이션,[ & ] 미애니마니아 서브채널,UCTmlRohJGqTpNGBgZ1mRtAA,주인장의 용돈벌이를 위해 지극히 자본주의에 의존하여 운영되는 채널입니다,87900,36,20491062
영화 애니메이션,영화 애니,UCKLrDlDx8176lLw49nIdl7g,"영화, 애니메이션 명 장면 모음!",1,2,532
영화 애니메이션,요미몬 애니,UCEVI45za5i1hS8jA-mGR66A,"요미몬 애니 유튜브 채널에 오신 것을 환영합니다. 

아이들도 흥미를 가지고 시청할 수 있는 재미난 애니메이션으로 제작된 다양한 테마의 동화와 챈트 등
영유아 및 초등학교 저학년 대상의 홈스쿨링 콘텐츠를 감상할 수 있습니다.

요미몬은 유튜브 채널 외에도 우리 아이 성장발달에 도움을 주는 교육용 완구를 개발·출시하고 있습니다. 

http://yomimon.net
",1070000,728,320749316
영화 애니메이션, Boxoffice ANIMATION ☆ Movie Scenes ,UCzNWVDZQ55bjq8uILZ7_wyQ,"Your #1 destination for the best family and animated films!

The Boxoffice Company is a global media operation dedicated to generating awareness and excitement for theatrical, home-ent., and streaming titles.  We operate a global network of media brands, each market leader in their respective country. We also manage the largest multi-channel YouTube network in the world fully dedicated to promoting movies and trailers. Lastly, we run the leading business publication for the theatrical industry read by every executive in the business.


",7320000,1557,1306386884
자동차,남자들의 자동차 - 남차카페,UCCbLQtdzoIJB-Ah6_oWFsoA,"매일 빠르게 신차를 소개해드립니다!
남자들의 자동차 - 남차카페 공식 유튜브

문의 메일 - dsquareds@naver.com

마일론 방향제 - http://smartstore.naver.com/motorsjason
인스타그램 - http://instagram.com/motorsjason
남자들의 자동차 네이버 카페 - http://cafe.naver.com/motorsjason
페이스북 채널 - http://facebook.com/motorsjason
",286000,2923,331376694
자동차,한미자동차 위씨,UC0IS7U3uQgf9eIJYNBiJgYA,"일단 도로주행 시험의 팁..
목표는 장롱면허가 없어지는 그날까지!",348,13,184587
자동차,K-자동차,UC3pCBRbdO8lDFRJw9GtNL4w,"빠르게 들려주는 자동차 이야기, K-자동차!

사연 등 각종 문의 : mioen1224@gmail.com



새 차를 가장 저렴하게 사는 방법, 겟차!

하단 링크 참고하세요!
",16000,586,86170742
자동차,움직이는 자동차,UCWop9Ejxh63wVLPC_9e4h5g,"""아반떼 N 라인"" 차량의 모든 것을 담고 있습니다!

공도에 ""N 라인""이 많이 보이는 그 날 까지!

"" Forever! ""
",1440,187,410490
자동차,왕초보운전 남영자동차,UCAIEB5rPJ76-Q5gyCXUiwqQ,,158,7,63236
자동차,자동차왕 성당이,UCEjJMfYQANs-XAP-oZP6sxA,"✔ 1종 수동 보통면허 ㅣ 1종 자동 보통면허 ㅣ2종 자동 보통면허 ㅣ도로연수 
✔ 대구 운전 전문학원 '성당자동차'
✔ 상담 문의: 053-563-4000
✔ 홈페이지: http://sungdang.co.kr/
✔ 인스타그램 sungdang_drive
✔ 주소:  대구 달서구 와룡로33길 51

안녕하세요 여러분. 
안전하고 빠른 운전면허 취득을 위해 최적의 교육 시스템을 구성하고 있는 성당자동차입니다.
",1040,96,352732
자동차,자동차 미생 Auto Engineer American Life,UCPv8dcL52lwQD2tbpgC9Kmw,"자동차 관련 강의나 최신정보, 미국소식들을 빠르고, 재밌게, 전해드리려 노력하겠습니다. 
미생탈출을 위해 투자도 열심히 하고 있어서, 가끔 주식이야기도 등장하니, 실수가 있더라도 너그럽고 재미있게 봐주세요. 
감사합니다.

각종 자동차 관련 문의나 제보 영상등은 : AutoMiseng@gmail.com 으로 보내주시구요, 
미국 직장취업, 미국내 이직 도움이 필요하신분은, 이력서를 LinkTechPro@gmail.com 로 보내주시면 됩니다. 


제 강의를 통해서, 공부하는데 도움받아 고맙다고, 그리고 직장인분들은 취업 인터뷰에 도움받았다고, 또 간혹 주식으로 돈버셨다고^^; 소정의 후원을 보내주시기 원한다고 연락주시는감사한 분들이 계신데.. 후원은 아래 계좌를 통해서, 감사한 마음으로 받도록 할게요. 다시한번 마음써주셔서 감사합니다. 
우리은행 100294-25-31779  소x석 님입니다. 감사합니다. 

부족한 미생 사랑해주시는 모든 분들께 감사한 마음 전합니다. 
고맙습니다.
미생드림. 

#자동차미생, #미생의미국생활, #미생AmericanLife, #자동차엔지니어, #차알못, #차잘알, #차덕후, #브레이크, #자동차강의, #자동차지식, #테슬라",205000,1023,44548943
자동차,신진기업서울신진자동차학원,UCif3ZUp9Lp8nciprnqN4Mkw,,540,11,95848
자동차,다나와자동차,UCgpDfTHacLF3JiuXppwuT-w,"다나와자동차 - PURE DRIVE는 시승차에 대한 주관적인 판단이나 평가를 배제하여 보다 객관적으로 차량에 대한 판단을 할 수 있도록 제작된 PURE(순수) 자동차 시승 영상입니다.
auto.danawa.com으로 오시면 신차와 중고차 정보, 견적, 뉴스 등 자동차에 대한 다양한 정보를 얻을 수 있습니다.
자동차의 모든 것! - 다나와자동차.",16400,114,6252355
자동차,수원현대자동차학원,UCSykoHwMt9s2CBQ5a6hYO6w,"저희 수원현대자동차 운전전문학원은 원천동 홈플러스 맞은편 대로변에 위한
경찰청 지정 자동차운전전문학원입니다. 
20년 전통의 저희 운전면허학원은 수원최대규모의 학원, 편리한 교통, 전 차량 최신 블랙박스 설치를 장점으로 하여
전문화, 체계화된 운전교육시스템을 통하여 최상의 운전교육 서비스를 제공하고 있습니다.
1종 보통/2종 자동 면허뿐 아니라, 1종대형, 2종소형, 원동기 면허시스템 까지 구비하여
수원시내지역 면허학원 중에서 가장 많은 면허종류를 보유하고 있습니다.
031.211.3431
",5540,28,2880698
자동차,서울광명자동차운전전문학원,UCgi6-Zj1Y7B_11fo_LNM1UQ,,942,57,1438853
자동차,인천중앙자동차운전전문학원,UCPV6LJfVwQ2NIANNg2WFT6g,,675,10,143080
자동차,즐거운자동차,UCTWoKbefNbb62h282fg85jQ,"즐거운자동차.com
고객님과의진솔한감동story
통찰력있는중고차전문상담사
신앙과철학이있는 박부장
010-7765-6022

대전 유성구 디오토몰 복용동로35 즐거운자동차 288호
",2790,1391,1428883
자동차,"차,또바기 - 디테일한 자동차 리뷰.",UCa9H_LYm3uVYwMcYHHma8Xg,"안녕하세요, 차,또바기입니다.
이 채널은 자동차를 단순히 스펙과 가격표로만 보는 곳이 아닙니다.

디자인, 실내 공간, 시트 재질, 수납공간 같은 작은 디테일부터
가속력, 제동력, 엔진 반응, 핸들링, 코너링, 승차감, 연비까지,
‘교과서처럼 꼼꼼하게’, 하지만 ‘이야기처럼 부드럽게’ 풀어드립니다.

딱딱한 정보는 기본, 거기에 따뜻한 감성과 유머까지.
‘자동차가 주는 일상의 행복’까지 함께 전하는 채널,
차를 좋아하는 사람이라면 누구나 오래, 자주 머물고 싶은 공간

지금, 자동차에 모든 것을 다 알려드리겠습니다.

*유튜브 핸들*
youtube.com/@chattobagi 

*차,또바기 카케어*
https://smartstore.naver.com/chattobagi

*차,또바기 카카오톡 채널*
http://pf.kakao.com/_HqePK

*테슬라 리퍼럴 코드*
https://www.tesla.com/ko_kr/referral/kh27445

",82100,749,28795848
자동차,라리의 자동차 이야기,UC_yfH3ECHeaXccpKYwNfXmg,"🚗자동차 전문 크리에이터 ‘라리의 자동차 이야기’ 입니다🚗

 시승 차량 지원 및 협업 문의는 인스타그램 @rrari_17 혹은 kiwon717@naver.com으로 주시면 감사하겠습니다 :)",2980,238,10227939
자동차,현대자동차 채용,UCCxVmFzaBqtuYJjYPdJPhxQ,"Come Grow with Us

현대자동차 채용 공식 유튜브 채널입니다.
현대자동차의 채용 관련 최신 영상과 정보를 만나보세요!
",14700,109,1872657
자동차,안전자동차운전전문학원,UCz2w1AaN-0aR1UO6rfE5RAQ,"안전자동차운전전문학원을 찾아주셔서 감사합니다.
친절은 기본! 체계적인 교육 프로그램과 앞서가는 행정서비스로
양질의 교육을 전문으로하는 운전 교육기관 입니다.
시내 전지역 셔틀 차량 운행으로 고객님을 편안하게 모시고 있습니다.

- 안전학원 특 장점 -

* 빠른 면허취득(4일 완성)
* 입학에서 취득까지 (원스톱 예약 확정)
* 친절강사진(고객 써비스 만족도 자랑)
*  학원에서[ 매일 자체시험] 개인별 즉시시험
* 기능. 주행 시험 최신동영상으로 예습,복습 용이 [시험공식 완벽해설 영상]
* 최적화된 장내기능 연습장(분산형 주차코스4개소 보유)
* 도로주행 전차량 전자채점기(테블릿PC)비치 -시험과 같은 주행 연습
* 배우기 쉬운 도로주행코스 최대활용 (반복구간 80%)
* 최신형 교육용차량 보유(베뉴)
* 고객맞춤형 셔틀운행 (어디서나 이용가능)
* 합리적인 수강료에 맞춤교육까지

- 도로연수도 전문 (방문교육/ 주차교육)

",965,52,342213
자동차,어서와자동차 vip경매,UC59TKsJC21iBnAjIUwgmyRw,"중고차경매 누적 낙찰 3000대이상!
누적 실차점검 1만5000대 이상 ! 
8년차 경매전문대행사로서
객관적 사실을 기준으로
차량정보 전달드려요 ! !

매년 어려운 시장상황일수록
경매시장에는 기회가 있었습니다
그 기회를 잡는 노하우는
어서와자동차의 실력과 경험입니다

저희가 정답이라고 말못하지만
원하시는 정답을 가지고있습니다

첫경매가 좋은기억으로 남으셔서
다음에도 다시 찾아주실수있도록
💪온힘다해 돕겠습니다

좋은분들과 좋은거래를 기다립니다~
010 9579 5722 김남수 대표
(유튜브 협업 출연 제안 환영해요)

",41500,1209,51207995
자동차,자동차의모든것[Car&Man],UC8lCKs70LKNlMUve1P_XSRQ,"🚗자동차의 모든 것 패밀리샾 
📌서울 패밀리 
  1.개포점 
👉서울시 강남구 개포로 36길4-4 
☎️ 010-4012-4862

📌경기도 패밀리 
  1.하남점
👉경기도 하남시 감일로102번길33 
☎️ 010-2525-2970

📌경상도 패밀리 
  1.울산 중구점
👉울산 중구 번영로346 입니다
☎️ 010-5679-2316

📌충청남도 패밀리 
1. 천안 신부점
👉천안시 동남구 신부동 508-11
☎️ 010-7172-1629

2.천안 신방점
👉천안시 동남구 통정9로35 
☎️ 010-6486-7008

3. 아산 배방점(배방모터스)
👉아산시 배방읍 배방로 225
☎️ 010-7216-9123

4.엔진수리 (대흥보링)
👉충남 천안시 동남구 신방남부길 19
☎️전화 041-556-7816

📌자동차의 모든 것[Car&Man] 협력점
1.광성타이어 -타이어 전문- 
👉충남 천안시 동남구 천안대로 663
☎️ 010-2010-9196

고객님 차량을 성심으로 함께 소중하게 관리할 카맨 패밀리 를 모집합니다
패밀리숍 및 협력 문의 방법은 메일로 연락 주세요
 sakura4824@naver.com

※ 저희보다 훌륭하신 정비 선후배님들을 신뢰해 주세요! 내 집 앞 단골 카센터가 제일 좋습니다.
즐겁게 일하는 모습을 보여 드릴뿐 기술이 다른 분들에 비해서 좋은 것은 절대 아닙니다.
숍 홍보 목적을 위한 영상이 아니기에 숍 방문을 정중하게 거절합니다. 많이 부족한 점 깊은 양해 바랍니다.
즐겁게 일하는 카맨 패밀리의 모습만 지켜봐 주세요!(혹시라도 저희 숍을 아시는 분들도 홍보를 일체 사양합니다)

1. 광고제품 수익 금 중 일부는 소외된 이웃분들께 기부하고 있습니다.
3. 신규 영상 업로드 (월-수-금)
4. 영상에는 시청자의 이해를 돕기 위한 픽션(연출)이 첨가되며, 또한 가끔씩 광고 영상도 포함된 점 양해 바랍니다.

AICOMPANY@UDQQD7

",377000,1575,178712704
자동차,자동차읽어주는남자(carreadingman),UC4_AL-HBcYBjCTyNnMw0DOw,"자동차 읽어주는 남자
- 비지니스 문의
- 이메일 : lsh6166@naver.com
- 인스타그램 : car_reading_man

7WLL73@AICOMPANY",144000,1398,74342977
음악,NAMMSE 나얼의 음악세계,UChhNzuTuJeWDeJFzDeW0hJw,Naul's Official YouTube Channel,119000,302,53530247
음악,하비실용음악학원,UCzdDdn9sjSnz1TNZkvfJZ7g,"대한민국 No.1 보컬트레이닝 하비 보컬강좌 채널

",15800,80,640460
음악,브런치 음악 - Topic,UCve_AAkQuNgcdIUtw2VQarQ,,4,180,10068
음악,음악의 정원 - Topic,UC1wJShdQf3PWEYiJfRRk2lA,,37,66,8593
음악,음악 연구소,UCa8XBLuiqD43YMJvmzU5kEA,"듣기 좋은 노래 찾는 걸 취미로 둔 사람이에요.
여러분의 음악적 스펙트럼을 넓혀주고 싶습니다.
🌈 수익 없이 활동합니다. 모든 광고는 저와 관련 없어요 😖

contact: anxiety@kakao.com",29200,19,4541086
음악,힐링음악 베스트 - Topic,UCLiNILTO6J_Bxe9RAvE8VNQ,,6,57,19565
음악,따뜻한 피아노 음악 - Topic,UCccfpXzbS0uzJIobaLXAzgw,,0,60,453
음악,한양대학교 음악대학 HYU College of Music,UCAJz1mAlDyAkUXSDvpUY7dw,"한양대학교 음악대학 공식 유튜브 채널입니다. 
Hanyang University College of Music official YouTube channel.

한양 음대생들이 백남음악관에서  연주하는 실황을 LIVE로 방송합니다.

제작 : 한양대학교 음악대학
Staff : 정지원  이단비 나가연 최미진
",2910,533,984274
음악,음악노리 - Topic,UCDWluDkJUI0AZd8x3SEr8pw,,54,40,14011
음악,혁신적인 음악생활,UCP340ghl-bT1MyYS8xlfYVg,,316,367,50644
음악,마사지 음악 배경 음악 - Topic,UCxjypyPcawwsiFMZWG1rraQ,,0,260,433
음악,감상적인 피아노 음악 - Topic,UCp7RicfvdABNY9BqrMBZiLQ,,0,60,76
음악,사람 음악 Human Music,UCV4A8oTeGecCKeeNG1fp_CQ,AI음악 싫어서 만들었어요. 저도 잘 못하지만 손으로 하는 사람들 파이팅~ Original Hand Made Masterpices... Enjoy! ,3,8,6181
음악,한나의 낭만음악소,UCbQ86PULAH8glYqG9gUxNEg,"""예쁜 자연 영상"" 과 ""감성 피아노"" 등의 곡들로 
위로와 따뜻함을 전해드리고 싶은
작,편곡가 한나의 채널입니다.

피아노 곡, 스트링 앙상블, 보컬이 있는 음악, 국악 크로스오버 등을 작,편곡 합니다.
현재는 테마가 있는 곡들을 주로 작업하고 있습니다.
",7460,290,3179913
음악,카페 음악 - Topic,UCrw6JnrIKBHpTtn2I5Kgphg,,416,1330,122351
음악,영혼을 위한 음악 - Topic,UC5xuEdZyXUlzyxHamy0mDcg,,428,0,0
음악,잠잘 때 듣는 음악 - Topic,UCMsJ1-1kAwd8nvLkWrE342g,,186,15,806900
음악,음악서랍,UCeQMP0U5yTmJJ-4iFw_-OfQ,"피아노반주
교회예배 실황연주
바이올린
첼로
트리오연주
조이앙상블
조이오케스트라
피아노 치며 노래하기
작사작곡
찬양
복음성가
건전가요
동요
가족
음악",380,198,45296
음악,🎶오늘도 내일도 음악 저장소🎶,UCtlC6DaY_ZTpM4iFj1sjdrQ,"리코더/첼로등등 영상을 찍어서 저장하는
 유튜버 입니다.가끔 다른 영상도 올릴 예정입니다.많이많이 봐주세염.그리고 1일2영 꼭 지키도록 하겠습니다!저는 구독자 딱 100명만 채울께요^0^",14,15,1287
음악,아름다운 음악 - Topic,UCzqAZ5RomrX0u6f4_FPn2xw,,14,29,1647
동물,SBS TV동물농장x애니멀봐,UC22go5LdQEw-iDuxFb4C0hw,"Hello, all animal lovers! 
Welcome! It's so great to have you join us. 
This is the official YouTube channel of Korea's SBS Animal Farm program 
that has communed with animals since 2001 until now.  

Various genre of stories featuring animals!!! 
Please subscribe and meet us every day! 
Thank you! 

☆Official English version channel. 
 [Kritter Klub]  ↓↓↓
https://www.youtube.com/c/KritterKlub

▶Contents Copyright and Sales inquiry : contentspartner@sbs.co.kr / sbsyang@naver.com
▶Report or Inquiries To The SBS TV Animal Farm: 02-2113-3456
ⓒSBS. Corp ALL RIGHTS RESERVED

----------------------------------------------------------------------------------------------------------------------
SBS 동물농장 x 애니멀봐' 공식 유튜브 채널입니다! 

2001년 부터 지금까지, 동물과 교감해온 동물농장의 모든 순간★
이제 유튜브에서 매일 만나요!

""지금 뭐해~? 애니멀봐!""

☆애니멀봐 공식 영문계정 [Kritter Klub] ↓↓↓
https://www.youtube.com/c/KritterKlub

▶저작권 및 제휴·마케팅 문의: contentspartner@sbs.co.kr / sbsyang@naver.com
▶동물농장 제보 및 문의: 02-2113-3456
ⓒSBS. Corp ALL RIGHTS RESERVED",5090000,6667,5088015069
동물,KBS동물티비 : 애니멀포유 animal4u,UCAhKKbDO9-ymWZ_7iAFLBQQ,"💛 어떤 동물을 좋아할지 몰라서... 모두 데려왔어 💙

*인스타그램*
-링크: https://www.instagram.com/kbs_animal4u_/ 
-계정: kbs_animal4u_ 
-인스타그램에 '애니멀포유'를 검색하세요!

----------------------------------------------------------------------------------------------------------------------

This is KBS's vast animal archive!

💛 I didn't know what kind of animals you'd like... so I brought them all💙 (Yeah~!!)

*Instagram*
-URL: https://www.instagram.com/kbs_animal4u_/ 
-Account: kbs_animal4u_ 
-Or search for 'animal4u' on Instagram!
",1480000,5371,1493053133
동물,동물쑛,UCqGA2pYRNqpVCnaztHqO-jA,귀엽고 재밌고 감동있는 동물쑛,58600,410,141709440
동물,다양한동물짤,UCW1Pf6Oi-7_jgvUVOkilDqw,"귀엽고 웃긴 동물들의 짧은 영상, 업로드 중!
강아지, 고양이, 토끼, 햄스터, 페럿, 기니피그, 수달 등 다양한 동물들의 힐링 영상부터 깜찍한 행동, 웃긴 순간까지 가득!
지친 하루, 이 짤 하나로 웃고 힐링하세요😊

#동물영상 #귀여운동물 #짤영상 #강아지 #고양이 #반려동물 #힐링영상 #쇼츠 #animalshorts #petshorts

구독하고 매일 귀여움 충전하세요!
",12,11,45039
동물,비밀의 동물들,UCKo7USQcLDV8yb3JwUjo3CA,"
‘비밀의 동물들’은 단 1분 안에,
놀랍고도 흥미로운 동물들의 생존 전략을 소개합니다.
단성생식하는 도마뱀, 물속에서 숨 쉬는 도마뱀,
자신의 새끼를 먹는 개구리까지.
자연이 만들어낸 생존의 기술, 함께 탐험해보세요
",21,14,31232
동물,동물타임,UCNZQH5gqyNf0gm8DkTRfkLA,"귀엽고 신기한 동물의 세계로 초대합니다.
",285000,631,517237237
동물,한국의 야생동물TV(Korea Animals TV),UCBGg0nSuGs6u6O5qylcZ0mA,"한국의 야생동물TV는 우리나라에 살고 있는 육식 및 초식동물은 물론 조류등의 생태를 관찰, 동영상을 제작 공유하고 항간에 떠도는 목격담 속의 고양이과 최상위 동물들이 과연 존재하는지 추적 조사하는 채널입니다.
이 채널의 영상이 의미가 있고 이런 채널이 존재하면 많은 사람들이 야생동물을 아는데 도움이 될것이다고  느끼시거나 재미가 있으시면 구독과 좋아요 꼭 부탁드립니다.
구독자가 일정수만큼 있어야만 많은 곳을 돌아 볼 수 있는 힘이 생기게 되며 흥미로운 영상을 제작할 수도 있으며 이 채널이 
정말 많은 분들이 좋아하시는 채널로 성장 할 수가 있습니다.
여러분들께서 가지고 계신 많은 관심과 사랑으로 응원해 주십시요.
한국의 야생동물TV는 동물 영상의 촬영 장소를 공개 및 공유하지 않음을 원칙으로 합니다. 
그리고 적절하지 않는 댓글 및 욕설과 비방, 타인을 무시하는 댓글은 경고 없이 바로 삭제함을 알려드립니다. 
구독자님들 가정과 주변에 항상 좋은일들만  있으시길 기원 드립니다.  감사합니다.
",2370,181,540909
동물,3677동물구조대,UC3-dEFlTR4TcqyscHRVDnUg,"대한민국 안가는 곳이 없다!
국내 3677개의 섬을 누비는 동물 구조대의 여정을 그린 팩츄얼 시리즈
대한민국 섬 곳곳 동물의료서비스의 사각지대를 찾아다니며 
질병과 사고에 시달리는 반려동물을 보호하고 치료하는
동물보호활동가와 수의사들이 모였다. 
'이야극장'을 통해 23년 첫발을 내딛은 3677동물구조대는 
전용채널로 새로운 시즌을 출발합니다!!
 
인간과 동물의 공존을 위해 3677동물구조대는 
사각지대의 동물들을 위해 오늘도 길을 나서렵니다.

후원계좌 - 동물보호단체 라이프 (sis@savelife.or.kr)
농협 :  3010297174351

구조활동, 제작지원문의 - 현장자원활동, 임보, 입양 등 
3677동물구조대 (cwy502@gmail.com)


- 협업 문의 : cwy502@gmail.com
",2080,34,439881
동물,24시 예은동물의료센터,UCcbw2E9k_QDjY81FKdj-1gQ,"24시 예은동물병원 

🐶 주소 : 서울시 강남구 학동로29길 5 예은동물의료센터 3~6F
🐱 전화 : 02-529-5575
🦊 문자 : 010-5110-5575
🐰 카카오톡 : ID yeah4u
🐹홈페이지 : https://www.yeamc.com/
🐼 블로그 : blog.naver.com/sdvm
🦎 인스타그램 : instagram.com/yeeun.a.h
🐦 유튜브 : youtube.com/@user-dx5zm8es9l
🦝 공식 쇼핑몰 : smartstore.naver.com/yeeunsd
🐴 이메일 : sdvm@naver.com

",24500,930,4146826
동물,동물극장,UC9e0vn-wrYw0faqn7ZpKtHQ,"귀여운 동물극장
",83900,253,180072691
동물,우리들의 단짝 동물세상 (Animal World),UCad7D9YCBzmelAMLX0Ogxqw,일상속 동물들의  귀엽고 재미난 영상    묘기 귀여움 진풍경,217,349,183100
동물,산골짜기동물칭구Valley Cat Friends,UCFRtL4GPsBsvAoJF0gnSOBA,산골짜기에 사는 동물칭구들의 일상을 공유하는 채널,166000,974,65117951
동물,스쳐간 동물 브랜드,UCuoFB-zI4MlntCtavPxrozw,"매주 일요일 - ""동물원 가는 날""

동물들의 이야기를 기록하도 디자인하는
국내 최초 야생동물 보호 브랜드 '스쳐간 동물'입니다 :D
",2770,296,1312817
동물,동물돋보기,UCY0fgIHG1waEsUc2KGOBcZg,진짜 동물돋보기,167000,1507,318653315
동물,환상의 동물세계,UC_p97zuIl0uBYn69WGPjB6g,동물의 대한 정보를 알려주는 환상의 동물세계입니다. 동물의 대한 정보를 알아봐요.,83,45,23976
동물,WEACT 동물구조단체 위액트,UC-ddlziWuPQqqBlxpqyY1Yw,"동물구조단체 사단법인 위액트

💛ACT WITH US💙
매월 1만원으로 강아지들을 돕는데 후원해 주세요🤝🐶

위액트는 학대받는 개들을 구조하여 행복한 삶을 살 수 있도록
행동하는 비영리 동물구조단체 입니다. 
Korean animal rescue organization saving dogs
from dogmeat farms, slaughterhouses, puppy mills and abuse. 

",16000,273,3621721
동물,동물사전,UC4FZ2MFfxiGVTNRHWUcmG-w,다양한 동물들의 이야기를 소개합니다.🐶🐱🦊,7410,33,14909276
동물,월드펫동물메디컬센터,UCawCpX_qu-opvi73LvKQswA,"👨🏻‍⚕ 수술 경력 25년 이상 된 외과 원장 2인 직접 집도
👨🏻‍⚕ 서울대, 건국대 출신 석박 의료진
👨🏻‍⚕ 미국 동물 재활학회 재활치료의사 (CCRT 취득)

🐶🐱 365일 연중무휴
📞 전화예약: 02-2698-7582
💬 카카오톡: @24시 월드펫메디컬센터
🏥 오시는길: 서울 양천구 신월로 208
                       2호선 신정네거리역 2번 출구에서 788m

🩺 서울동물영상센터 (본원 5층)
   · 3D MRI · CT · 초음파 · C-arm
🩺 슬개골정형 외과센터  
🩺 반려동물 항암센터 
🩺 뇌척추 질환센터
🩺 최소침습 수술센터

🐱 4층 단독 고양이 의료센터 GOLD LEVEL

",472,50,254301
동물,KBS 동물의 왕국,UCAoj1O_pb7N12tFtzwGu21w,"국내 유일의 동물 전문 다큐멘터리 프로그램
""동물의 왕국""은 BBC Studios, ZDF Studios, Terra Mater Studios, Earth Touch 등 세계 최고의 다큐멘터리 제작사들이 제작한 프로그램을 엄선하여, 우리말로 더빙해 시청자들에게 소개합니다. 정확한 해설로 시청자들의 생태계 이해를 극대화하는 프로그램입니다.

생생한 대자연의 세계를 안방에서!
아프리카의 초원 지대부터 극지방, 사막까지 세계 곳곳에 서식하는 다양한 동식물을 총망라한 ""동물의 왕국""은 전문 다큐멘터리 제작사들의 노하우가 화면 곳곳에 녹아 있습니다. 아이들에게는 주옥같은 교육 자료로, 어른들에게는 일상에서 벗어나 자연과 조우하는 청량제로 그 역할을 합니다.

온 가족이 함께!
시청자 층이 다각화되고 세분화되는 요즘, ""동물의 왕국""은 온 가족이 한 자리에 모여 편안한 마음으로 대화를 나누며 시청할 수 있는 몇 안 되는 프로그램입니다. 컴퓨터 그래픽이나 화려한 무대가 아닌, 카메라맨이 직접 땀 흘려가며 촬영한 화면 하나하나가 시청자들에게 대자연의 위대함과 생태계의 신비, 자연의 소중함을 일깨워 줄 것입니다.

""동물의 왕국""과 함께 세계의 다양한 자연을 만나보세요.
",237000,844,73430754
동물,비엔동물전문의료센터,UCo5Lmp0O_r_8uNlGjJs9Xaw,"안녕하세요 부천 비엔동물전문의료센터는 좀 더 나은 환경에서 환자들이 더 정확한 진료 받을 수 있도록 의료 시설과 인력에 아낌없이 투자하고 있으며 최신 치료 경향을 반영하고 끊임없이 연구하고 고민하고 있습니다. 
 진심을 다하는 수의사와 따뜻한 수의테크니션 선생님들이 24시간 병원을 지키며 우리 아이들의 건강을 위해 함께 하겠습니다. 감사합니다. 
        
- 비엔동물전문의료센터 일동 

경기 부천시 경인로 475 
032-345-7559
",1840,271,827526
스포츠,스포츠마니아TV,UCz9owiXUt0UoSRfhdz8-FYw,스포츠의 모든것 스포츠마니아TV가 함께합니다.,38500,4001,33119409
스포츠,스카이스포츠_코리아,UCwdUrGQyPQV69ABRAH_r3EA,"한국 스포츠의 힘! skySports
⚽️SKYK 공식 유튜브 채널
K리그 1/2, FA컵, Spurs TV, PSG TV, K3/5/6/7리그
세계육상선수권대회, 테니스대회, 볼링대회, 당구대회
",99800,1368,368686900
스포츠,비욘드 스포츠,UCJronx9CcSDgRAnHrVW2BNA,"스포츠, 그 너머",200000,85,96389706
스포츠,스포츠한입,UC9RecSEW5AdRcDXZhskte_Q,"🔽🔽스포츠 한입이 직접 운영하는 'MLB 스탯 포탈 사이트'

✅ 블루필드 MLB 사이트 : https://blfil.com/

✅ 비즈니스 문의 : spobite@naver.com


17DJOB@AICOMPANY
",163000,312,92331487
스포츠,스포츠니어스,UC93HCsxW7bPLHdPfrHX8c-A,"FIFA, UEFA, AFC 정식 등록 축구 전문 미디어",79400,2508,42550510
스포츠,스포츠원티비 Sports1tv,UC5_1aDPhORqxpQU6KJ33LBg,AHR1UT@AICOMPANY,279000,2205,314054360
스포츠,스포츠머그 - SPORTSMUG,UCUQVGXF4U-PupGCPdIRX4Qw,생생한 현장과 그 너머의 이야기. 스포츠 이슈 한 잔 〈스포츠머그〉!,425000,2768,814680198
스포츠,KBS 스포츠,UCDIB1DOwPPe58M2fHPyVVDA,"스포츠 프리미엄 편집숍
KBS 한국방송 스포츠국의 공식 유튜브 채널에 오신 걸 환영합니다!

스포츠 현장의 생생하고 재밌는 이야기. KBS의 오리지널 시리즈
꽉꽉 들어찬 재미로만 정성껏 골라 여러분께 전합니다!
",359000,6659,586258763
스포츠,에스티엠티빙(스포츠아웃라인뉴스),UCHo-y6BWduzJELC2Y5BtqEg,"(주)에스티엠엔터테인먼트-에스티엠티빙, 스포츠아웃라인뉴스,미디어콘텐츠창작,관광여행콘텐츠,문화행사콘텐츠

",34100,1565,7678648
스포츠,웰컴스포츠,UC7vrs96QT9uq16QWqB3aPyw,"No. 1 디지털뱅킹 웰컴저축은행의 스포츠 커뮤니티입니다.

",87900,998,49446796
스포츠,tvN SPORTS,UCtybqqaTj6Nx74Azdz1KrsA,"종목 초월, 무한 확장! 짜릿한 즐거움엔 tvN SPORTS

ⓒCJ ENM. Corp ALL RIGHTS RESERVED
",840000,5981,798169884
스포츠,스브스스포츠 SUBUSU SPORTS,UCk4XjBsDuzItvsuVGiDdKqQ,,579000,4851,446256873
스포츠,스포츠조선,UCgf99FxnJYCee6WEeH58n2w,"스포츠·연예 전문 매체 스포츠조선의 공식 채널입니다. 스포츠 현장의 생생한 영상과 핫한 연예가 소식을 전해드리겠습니다.

비즈니스 문의 : zilver@sportschosun.com
",89600,6966,131517305
스포츠,스포츠클래식 SportsClassic,UCt4bWJILlEo1hvsR224ASyA,"안녕하세요 스포츠클래식(SportsClassic)입니다.

40년차 롯데팬, 야구칼럼니스트 김창덕이 여러분과 소통하고싶어서 만든 채널입니다.

""스포츠에는 국경이 없다""
만국 공용어인 스포츠를 재미있게 즐길 수 있는 콘텐츠를 제공하겠습니다.

✉️ sportsclassic03@gmail.com
",72000,1426,40082678
스포츠,ON THE SPORTS 온더스포츠,UC-JEIp-IjHJJ8g3812Z7MUw,"인기/비인기 종목을 구분하지 않고 스포츠라면 누구나 즐길 수 있도록 컨텐츠를 만들고 함께하는 온라인 스포츠 채널입니다.
스포츠 이벤트, 경기, 대회, 이야기 등 많은 사람들과 함께 하길 원한다면 이메일 himchan@onthesports.co.kr에 말씀해 주십시오!

*영상 제작 후원하기
https://toon.at/donate/onthesports


* ON THE SPORTS (온더스포츠)는 힘찬스튜디오 (대표 : 박힘찬) 소유(제작, 관리, 운영)의 채널, 브랜드 입니다.
",14800,7480,11560900
스포츠,오버워치 이스포츠,UCLGDwdJU3TQF34JgVAlvwBw,"오버워치 이스포츠 한국 공식 유튜브 채널입니다. #OWEsports

2020 BLIZZARD ENTERTAINMENT, INC. 모든 권리는 BLIZZARD ENTERTAINMENT에 있습니다.
여기서 언급된 다른 모든 상표는 각 소유권자들의 자산입니다.",118000,4183,75011963
스포츠,스포츠N플러스,UC5zT7-3NXCxAza2FfwNt9uw,"매주 월~토. 밤 10시 라이브!

매일 쏟아지는 스포츠 소식들을 발빠르게 전합니다. 스포츠N플러스!
각 매체의 스포츠 기자 총출동! 
현장에서 직접 취재한 생생한 소식들과 비하인드 스토리
숨겨왔던 민감한(?) 이야기까지 모두 쏟아 놓습니다

비즈니스 문의 : bigrt2022@gmail.com
",30300,1492,11550060
스포츠,beIN SPORTS,UCJUCcJUeh0Cz2xyKwkw5Q1w,"The Official Account for beIN SPORTS Channels in Middle East & North Africa 

 في الشرق الأوسط وشمال أفريقيا   beIN SPORTS   الحساب الرسمي لقنوات
",14200000,7017,2283637487
스포츠,스탐,UCArK9MK34LsQzPJrl5TZmYA,"MBC 문화방송 스포츠국 유튜브 채널 스탐입니다.
탐나는 스포츠 소식을 탐험하고 탐구합니다.

서울특별시 마포구 성암로 267 문화방송
http://www.imbc.com/broad/tv/sports/",465000,4002,675872405
스포츠,쿠팡플레이 스포츠,UCnBht7BrOx-A328KFXgysqQ,,543000,5732,825274025
여행 이벤트,띱 Deep,UCaxbXRPhdHPXjM-e-F00LVA,"매주 ""토요일 12시"" 업로드 됩니다
문의 dee3eep@gmail.com
",1850000,279,605442140
여행 이벤트,여행에미치다,UCHS-3P-lLr-3kF79mxPFWVg,"대한민국 No.1 여행 채널
",385000,469,96241535
여행 이벤트,여행자메이 [Traveler May],UCYIHDeG1tLCuO9rMNVHubJg,"여행과 일상 속 크고 작은 낭만을 찾으며 삽니다. 여행 에세이  『때때로 괜찮지 않았지만, 그래도 괜찮았어』,  『반짝이는 일을 미루지 말아요』, 『내 장례식에는 어떤 음악을 틀까?』를 쓰고  『그래서, 서울』에 참여했습니다.

*제휴/강연 문의: mihuiyam@gmail.com
*오스프리 트래블 공식 앰버서더

7YCKJZ@AICOMPANY
",117000,246,18213579
여행 이벤트,푸들커플,UC81KlliBJxIR844123jup9A,"푸하👐🏻 안녕하세요 저희는 푸들커플이에요~❤️

🖤 Instagram
@1993_x_sy
▶https://instagram.com/1993_x_sy
@paikbon
▶https://instagram.com/paikbon
@poodlecouple
▶https://instagram.com/poodlecouple
@bontak2
▶https://instagram.com/bontak2

📍페이스북 ▶https://www.facebook.com/poodlezzang
📍틱톡 ▶https://www.tiktok.com/@poodlecouple

💌Contact : paikbonhyung@gmail.com",1230000,1134,820077103
여행 이벤트,답사친구 문화야놀자TV ,UCrDfM7gNiXXtcUuxSWLbAfg,"여행할때  꼭한번씩은 찾게되는 유적지에  대해  재밌는 설화를 중심으로     유익한정보도  함께 실었습니다
그동안  유적지를  그냥들러보시 거나 사진만 찍고  오셨다면 이제는  문화야 놀자 채널을  한번 보시고  방문하시면  더욱더 알찬 여행이 되실거라 확신합니다
문화쌤은 오랜기간  답사를 다녔고 지금도 시대순으로 답사여행을 하고있는 문화쌤의  유적지 탐방 깨알 팁을  받아가세요
신라 시대 흐름 따라 경주 여행을 시작으로 전국 시대순 여행 코스와 유적지에 얽힌 역사 스토리를 들려드리겠습니다 
아는 만큼 보이고 보이는 만큼 아끼고 사랑하게 됩니다",1850,17,155459
여행 이벤트,노랑풍선,UCpiUtxNIm5egPz2u3hmKSeA,노랑풍선 공식 유튜브 채널(Yellowballoon Official Youtube Channel),3310,345,8552477
여행 이벤트,채널주인 부재중,UC5Ida86tt8QKa4Myw7idxNg,"핫도그2.0
톰과 제리같은 두 남자,
눈치 빠른 여잘알 기동과 바보 같은 여알못 재열의 우당탕탕 성장이야기
",1170000,2852,1453344132
여행 이벤트,유콘,UCqzwimL_GVGjtJaDk7Vbfwg,"즐거운 일상을 그리는 유콘입니다! 🔻문의
ukon60@sandboxnetwork.net
",314000,972,147155028
여행 이벤트,몽골 투어북,UC29V7J-Oi8nuX9o6V3omAJw,"몽골여행, 몽골의 자연 소개",1720,122,284354
여행 이벤트,또 떠나는 남자 ddoddunam,UCldwUablgk8KPcFPQlKnB-w,365일 머리로 가슴으로 두 발로 여행하는 (전)직장인,644000,651,291104755
여행 이벤트,취미로 요리하는 남자 Yonam,UCyozK5OFN5lDrwim5wqQnLA,"요리가 만드는 시간, 공간, 관계.

- 수비드, 스텐, 황동, 월넛을 좋아합니다.
- 멍청한 멘사
- 이제는 유부남

",1410000,214,202945358
여행 이벤트,매일제히,UCWWnWFPkfXMIjxNhBu5qVtg,"*사업 제안 & 광고, 협찬문의는 아래 메일로 부탁드립니다!
매일제히 하세요~♥",342000,302,135321608
여행 이벤트,ChaCha Day,UCN4PadpG2alMR1EwEQBy4Bg,"I created this channel to document and share videos and photos of my travels, events, and everything in between.
Thank you for watching.

저는 제 여행, 이벤트, 그리고 그 사이의 모든 것에 대한 비디오와 사진을 기록하고 공유하기 위해 이 채널을 만들었습니다.
시청해 주셔서 고맙습니다.

List of Countries Visited | 방문한 나라 목록

Australia | 오스트레일리아
Austria | 오스트리아
Bahamas | 바하마
Belgium | 벨기에
Canada | 캐나다
China | 중국
Czech Republic | 체코
Denmark | 덴마크
Dominican Republic | 도미니카 공화국
Egypt | 이집트
France | 프랑스
Germany | 독일
India | 인도
Indonesia | 인도네시아
Ireland | 아일랜드
Italy |  이탈리아
Laos | 라오스
Luxembourg | 룩셈부르크
Mexico | 멕시코
Monaco | 모나코
Nepal | 네팔
Netherlands | 네덜란드
Nicaragua | 니카라과
Peru | 페루
Philippines | 필리핀
South Korea | 대한민국
Spain | 스페인
Sri Lanka | 스리랑카
Sweden | 스웨덴
Switzerland | 스위스
Tanzania | 탄자니아
Thailand | 태국
Turkey | 튀르키예
United Kingdom | 영국
United States | 미국
Vatican City | 바티칸 시국
Vietnam | 베트남
",691,100,154723
여행 이벤트,심장에박현서,UCo4m81FJ-dT8MqijBlhbN2A,"*사업 제안 & 광고, 협찬문의는 아래 메일로 부탁드립니다!
당신의 심장에서 헤엄칠테얏~!",318000,346,169326187
여행 이벤트,EBS 세계테마기행,UCbeZPOz8uaHstEIbkqBOnGg,"🏛️EBS 세계테마기행 공식 유튜브 채널 : https://bit.ly/WorldTravel_EBS (구독하기)
⛵세계를 여행하며 만나는 다양한 문화와 풍경! 
🚗EBS 세계테마기행에서 새로운 모험과 감동을 경험하세요.
🏰구독하고 알림 설정을 하시면 최신 영상을 가장 빠르게 만나보실 수 있습니다.

",96500,1034,31358970
여행 이벤트,포카라여행사.POKARA,UCLzCZIPUQePq97ueaD42Giw,"해외 자유 트레킹의 메카 포카라 여행사✈️

안녕하세요!
해외 산악 트레킹 전문 여행사 “포카라”입니다.
네팔, 유럽, 중앙아시아, 일본 등 세계 각지의
광활한 대자연의 잊지못할 트레킹 여행을 선사해드립니다.

문의 전화
02)2261-4090

네이버 카페 
http://www.pokhara.kr/
https://cafe.naver.com/jrpokara

인스타그램
https://www.instagram.com/pokara_travel?igsh=eWliZGUyMTYxaDNx&utm_source=qr",1780,162,284324
여행 이벤트,션표의자연여행,UCDaAsqRQnaGvvX1TEtvuR_g,"여행사진가 션표의 자연여행이야기. 아웃도어, 캠핑, 백패킹, 여행을 즐기며 관련 정보를 공유해 드립니다. 
두근두근몽골원정대와 몽골로 자연여행을 떠납니다.",5480,415,1737042
여행 이벤트,AthomeTrip,UC9Y6i_izmv9o_d_bTx-qJLw,"머물고 싶은 여행, 앳홈트립과 함께하는 뉴욕 이야기🗽
뉴욕 정보, 뉴욕 여행 준비, 뉴욕 일상 등 뉴욕의 모든 것을 소개합니다. 
",1760,209,409667
여행 이벤트,승글징글,UChZAdvinIy_kcz8DYUt1Tng,"무근본 예능 빡듀오! 승글징글입니다 앙스!
영상업로드 매주 수목금토!

승글징글 인스타: https://www.instagram.com/sgjg1993
후원하기:  https://toon.at/donate/seungree
페이스북 - https://www.facebook.com/sgrjgr
비지니스 및 광고 문의: seungreetube@gmail.com
실력 있는 편집자 항시 모집: seungreetube@gmail.com

*구독과 좋아요 눌러주시면 더 많은 분들이 영상을 보실 수 있어요*",188000,1565,253484671
여행 이벤트,브레이너 제이의 숙면 여행,UC5jSCU8FpKGr8P5Z-p-70lw,"대한민국 NO.1 수면 전문 미디어이자 플랫폼으로서, 여러분의 근본적인 숙면과 마음건강을 돕는 다양한 콘텐츠를 제공해드립니다. 이제는 잠 못 드는 밤과 작별하세요! 불필요한 감정들은 놓아주세요! 
국내 1호 국제인증 성인 수면코치 '브레이너 제이'가 매일 밤 당신의 평온한 숙면여행을 안내해드립니다.😌
지난 7년 간의 노하우와 매월 60만 명 이상으로부터 얻는 100만 건 이상의 데이터 및 피드백을 바탕으로, 3세대 불면증 테라피로 불리는 심신중재(Mind-Body Interventions)와 다양한 수면 전문 사운드 콘텐츠를 연구개발해왔습니다. 

브레이너 제이의 숙면여행 채널에서는 수면 관련 3건의 특허와 2건의 임상 논문, 5건의 학회 발표와 100여 편의 연구 근거들을 기반으로 운영되고 있으며, 국내 최초 1/2/3차 의료기관 및 정부기관, 백화점, IPTV, 리조트/호텔 등에도 보급이 되어 왔습니다.
현재까지 삼성전자, SK브로드밴드, 아모레퍼시픽, 현대백화점, 이케아, 울산과학기술원, 옥스퍼드마음챙김재단 등과 정식 협력을 진행하였습니다.

일상 속 근본적인 수면 개선과 마음건강의 회복을 도울 수 있도록 브레이너 제이의 숙면여행이 여러분과 함께 하겠습니다! 
그럼, 오늘 밤도 평화로운 숙면여행 되세요-!😴
",784000,232,188879412
게임,루시아의 게임채널,UCqpviQd_GxqkASNEXy0fIRQ,"매일밤 7시 치지직에서 생방송!(수,목빼고)",11100,963,2462705
게임,낭만숟가락의 게임wolrd,UCKvYQVeceZyyMKUzYfEa1jA,낭만숟가락의 게임하는 채널입니다.,4150,71,195630
게임,게임찍어먹는남자,UC-DHFaDY8D-mBGUXHa6ncEg,반갑습니다. 천천히 둘러보시고 가세요.,9700,114,1118548
게임,게임발굴단,UCdLyq9bdchhI5Dqvlx-Esgw,"함께 게임 이야기를 나누는 즐거움
",18700,680,6001243
게임,BB의 게임 스토리,UCtbwtYL6XXfntbij6wUIdQg,"게임 스토리 전문 채널 ""BB의 게임 스토리""입니다.😊
OGN 크리에이터로 활동하며 화요일 저녁 11시 OGN TV 채널에서 방영하는 ""BB의 게임 스토리""를 연재하고 있습니다.

📩 국내 비즈니스 메일: bbstory48@gmail.com
📩 중국 비즈니스 메일: bbstory@youdaoads.com
",36800,180,11291538
게임,주둥이방송 게임,UC9bicYGdrx2YllCCg5H81Cw,,58600,73,14634182
게임,강은호 게임,UCS7gEaMmBPAaI8dHNnrSofg,"안녕하세요 강은호입니다! 
카카오톡ID: BJeunho 
",4700,45,106220
게임,겜브링 GGAM BRING,UCSOeJWyByeoBHpmrm0NnlLw,"하브 반갑습니다~!!

@이메일 : ggambring@gmail.com",2960000,3375,2801301062
게임,우왁굳의 종합게임,UChCqDNXQddSr0ncjs_78duA,우왁굳의 종합게임 입니다.,348000,822,180349973
게임,오타의 게임밥,UCvwTEt8uAC0tqrt1bHuZoOQ,"게임밥 먹여드려요~! 배부르게 드시고 편히 쉬며 즐기다 가세요! (지난방송 다시보기는 라이브 메뉴에서)
매일 저녁 8시 생방송

",14700,626,2238867
게임,게임대장봉준,UCcgkgKhXT6QwdGj9Nr8PBcg,"숲 스트리머 봉준의 게임이 올라오는 채널입니다!
구독 한 번씩 부탁드립니다!!
",81300,339,34124771
게임,LimeG [라임게임],UCRF1RmJOzMc3x-bSPStG4UA,"[라임게임] 라임파워 전달하기: 
★ 구독 + 좋아요 + 이쁜댓글 + 공유는 라임게임에 큰 힘이 됩니다.
★ 구독자 + 시청자 여러분 영상 재미있게 봐주셔서 항상 감사합니다 : )
[팬레터 및 이벤트 이메일] limetube1004@gmail.com
[카카오 채널 Kakao Channel] https://goo.gl/52sqMY 

[Lime Tube]  INFORMATION:
Hi, Lime Tube  Have a good time ❤ Subscribe our channel ▶ http://goo.gl/DEoCmr ❤
Copyright ⓒ 2015 Limecast All Rights Reserved. 해당 영상의 저작권은 라임캐스트에게 있습니다. 이 영상을 공유하는 것은 가능하나 허가 없이 변경/배포는 불가합니다.
",63300,757,50683074
게임,전쓰트의 게임 채널 Junsst,UCD8r5Jgns2V64-NcUmXclpg,"그냥 하고 싶은 거 하는 채널입니다
문의할 게 있으시다면 이메일로 보내주세요 감사합니다
junsst412@gmail.com
",618000,4362,889287076
게임,홍인규 게임TV,UC543-TDm6IvHHZXwdSFioMw,"🖐️ 안녕하세요! 스타크래프트를 진심으로 사랑하는 개그맨 홍인규입니다. 🐿️
스타크래프트가 처음 나왔을 때부터 즐겨 했지만, 결혼하고 아이들을 낳으며 오랜 시간 게임과 멀어졌습니다.
그러다 최근 다시 스타를 시작하게 되었고, 마치 20대 초반으로 돌아간 듯한 짜릿한 기분을 느꼈습니다😘

💡 홍인규 게임TV는 저처럼 바쁜 일상과 삶에 치여 게임을 즐기지 못했던 분들과 함께 
다시 스타를 시작하며, 그때의 설렘과 추억을 되살리고 싶어 시작한 채널입니다📢

🎮 홍인규 게임TV에서는?
✔ 연예인들의 🔥 1대1 스타크래프트 빨무 대결
✔ 프로게이머 & 인플루언서들과 함께하는 스페셜 매치
✔ 🏆 프로에게 배우는 1:1 스타 빨무 레슨 콘텐츠
✔ 승부욕 가득한 다양한 게임 콘텐츠 등 다양한 콘텐츠로 찾아뵙겠습니다!

많은 응원 부탁드리며, 즐겁고 유쾌한 콘텐츠로 보답하겠습니다. 감사합니다❣️

📌 비즈니스 / 광고 / 제휴 문의
📧 이메일: withjdm@naver.com
",22100,50,2075069
게임,말랑찹쌀 게임창고,UCpiwf4OUp8KERVWVfOCOd5g,"🎮 흔한 라이트 겜덕
📢 생방송 : 본채널 8:00 PM 언저리
",55900,1025,13702532
게임,백앤아-게임튜브,UC_VnGdRI_SUZjLAuDDvMOlg,"💚게임만 하는 백앤아 게임채널💚

",401000,816,231272303
게임,사회인 게임클럽,UCEcRvF_6IRSux8FO-ogFZug,"🕗 생방송 시간 : 저녁 8시 - 새벽 1시

🎮 강초당 · 구라베 · 망난이 · 송몽숙 · 장폰주 🎮 
게임을 좋아하는 다섯 명이 모여 함께 운영하는 사회인 게임클럽🎈

📢 생방송 규칙 📢

· 채팅창 도배 금지 
· 타 스트리머 언급 금지 
· 시청자 닉네임 언급 금지 
· 시청자간 욕설 및 비방 금지 
· 시청자간 훈수 금지 
· 혐오 표현, 정치 관련 언급 금지 

💚 멤버십 가입 https://www.youtube.com/c/사회인게임클럽/join
💚 투네이션 https://toon.at/donate/637801123213090159

🙌 팬카페 https://cafe.daum.net/sahoiingameclub

💌 비즈니스 메일 sahoiingameclub@gmail.com

",66800,1866,56508892
게임,애니한 게임,UC2CBOJb8M-Bv1a42IIJ1kjw,재미있는 상황극과 이야기가 있는 애니한의 게임채널!,103000,1408,139572436
게임,행성이 게임,UCptSDIg_5XhLATiWmRnmwxw,"치지직 '행성이 그림 게임 티비' 에서 재미있는 소통 게임방송 하고있는 행성이입니다!
주로 오버워치2 위주로 재미 예능 방송 하고있습니다~
많이 놀러오세요~!

라이브 다시보기는 치지직 플랫폼에서 가능합니다!
",544,215,308978
게임,릴파의 종합게임,UCp_jHNjcoiXC7SlElrBmzBA,이곳은 공식 릴파 종합게임들을 올리는 채널입니다~,52800,302,5648075
사람 블로그,여행사람 travelstyle - NextepTV,UCNr6lV0b9Q-xZuy8bqunFrA,"여행 할 땐,여행사람! 여행의 가장 완벽한 파트너,여행사람! 언제든 #여행사람

facebook : https://www.facebook.com/travelstyle6
Instagram : https://www.instagram.com/travelstyle6/
blog : http://blog.naver.com/travelstyle6
homepage : https://www.travelstyle.co.kr/",235,62,137862
사람 블로그,발성에 관한 모든 지식_JubileeVoice키큰사람,UCKnNcG05rsccZtGcdEGj-Aw,"""발성모지""는 ""발성에 관한 모든지식""의 약자입니다.
이 채널은 가창 및 스피치 등에 필요한
목소리의 원리를 소개하고 설명하는 채널입니다.

Jubilee Voice Studio.
부산에서 운영하는 발성 전문 스튜디오 채널입니다. 
Jubilee Voice Studio에서는 성악, 가요, 뮤지컬, 스피치 등등
장르불문 발성에 대한 솔루션을 제공합니다.

블로그 http://200613241.blog.me
(카톡id : belcanto), (이메일 : go2jesus616@gmail.com)",3520,93,216394
사람 블로그,셀프메이드 SELFMADE,UCQe2v1aNQW5HLd-TXOxsXYw,"셀프메이드 : 자수성가;자신의 힘으로 인생의 성공을 이룬 사람을 표현할때 쓰는 말. 특히 성공의 시작에 있어 금전적이나 사회적 지위 없어 온전히 자신의 힘으로 일군 사람을 가르킬때 사용됨.
셀프메이드 블로그 : selfmade.center

*비즈니스 관련 문의는 메일로 주시면 평일 24시간 이내 회신드립니다.
문의 메일 : selfmadecreator@gmail.com",111000,81,7318351
사람 블로그,미곰이meegom my life,UClxcyOHsw5H6ZzlebgCcEhQ,"미국에 사는 살림하는 명랑발랄주책한 엄마 이야기

경력: 홈베이킹 야매경력 20년!
취미: 세상의 모든빵 다 만들어보기
특기: 갱년기
특이사항:사람보다 개를 더 이해함
가족사항:곰한마리 여우두마리 개두마리를 조련하는 미련곰탱이

미국에는 어떻게 오게 되었나요: 남편따라 유학왔습니당!
이메일은 비즈니스 정보란을 클릭하세요!



",65400,286,16223913
사람 블로그,어느시인a poet's vlog,UC5FwiZhwp0_wgyumvZn8QCQ,"시인의 일상
인스타그램 @opendooropenit
블로그 https://blog.naver.com/openingdoor1

2018.8 브이로그 시작",8160,79,382238
사람 블로그,에이스ACE,UCJAWmvfY_RLTRUjxCYW-8yQ,,223000,271,31549027
사람 블로그,와이즈코멧,UCC2cG9-Q2-rh36vhhzNHa7Q,"🔥 사업과 성장에 미친 사람
🏆 사업가의 0 to 1을 돕습니다
🚀 와이즈코멧의 추월차선에 탑승하세요
",461,13,23097
사람 블로그,피나렐로 탔던 마을사람A,UCQXqRrkKRopP3mAk8Eyf7Wg,"유튜브 안 합니다. 블로그만 합니다.

본 유튜브는 블로그 업로드용 영상만 올립니다.

https://www.haguangho.com/
",54,35,10617
사람 블로그,사람사랑운동센터,UCBSFDMySfXZxCV0UmIgXHsA,"대한민국 최초의 유일한 힐링코드 코치 자격을 갖고 있는 
물리치료사 출신의 원장이 하는 스트레스 완화와 인생의 행복과 성공을 위한 채널

네이버 블로그 https://blog.naver.com/saramsarang-exercise
전화문의 010-8586-0750
카카오톡 ID saramsarang
",2850,29,302151
사람 블로그,쯔양밖정원,UCHrX2qBKBuS2aUZkvr-UdxA,메일: tzuyangvlog@gmail.com,444000,27,19294096
사람 블로그,yoovlog,UCkh6TlSape86-iHiehXvsmA,"유트루의 두번째 채널! 🍽
일상채널입니다 :)

라이브 채널 : YOOTRUE ON AIR
뷰티 채널 : Yoo True
",481000,1273,323800158
사람 블로그,힐링사람(K-Healing Blog),UC2R2MWOVlxgT8n6asaHPkdA,"힐링 영상 토,일 게시",58,64,21994
사람 블로그,chessinside,UCnUPEKHg9B8Ut75rsgqXWYw,"안녕하세요! 체스 콘텐츠 크리에이터 체스인사이드입니다 :)
세계 1위 온라인 체스 플랫폼 체스닷컴(Chess.com)에서 한국 부문장으로 활동하고 있습니다. 국내 체스 발전을 위해 온라인 콘텐츠를 만들고 체스 토너먼트 등 다양한 이벤트를 기획하고 있습니다. 네이버 블로그, 인스타그램 등 SNS 채널도 함께 운영 중이니 확인해주세요!",53500,1453,16258641
사람 블로그,하는사람 er,UCyoHymeNEGHnSfNH033mf-A,"여행 유튜브를 가장한, 잔잔한 렘수면 지향 영상을 만듭니다.
-
travel + er , vlog + er , write + er = doing + er


",24300,157,3704698
사람 블로그,프린키피아,UChxiTlN4C6yUk-83rqA1KFw,물리를 공부하는 사람입니다. 블로그도 합니다.  https://blog.naver.com/qio910,1520,50,129830
사람 블로그,사회적협동조합 사람과사람,UCLOw7xBn5MPD6kwtdrfZQLA,"사회적협동조합 사람과사람 공식 유튜브 채널입니다 :-D
사람과사람은 다양성이 존중되는 재미있는 사회,
장벽없는 사회(Barrier free)를 향해 한걸음 한걸음 나아가겠습니다.

_
공식홈페이지 : www.people-people.or.kr

_
[사람과사람 공식 계정]
블로그 : https://blog.naver.com/people_people2019
인스타그램 : https://www.instagram.com/peopleandpeople.official
페이스북 : https://www.facebook.com/peopleandpeople2019
유튜브 : https://www.youtube.com/c/사회적협동조합사람과사람

_
[파란조약돌 디자인스튜디오]
스마트스토어 : https://smartstore.naver.com/bluepebbledesignstudio
홈페이지 : bluepebble.kr
",206,35,11643
사람 블로그,LIN VLOG 린블로그,UCrbDPt1IyjMPB64s6yIvg8g,"여행, 일상",719,30,104050
사람 블로그,부업하는 그로블,UCbke8hn7I2Luarw2Oqrswxg,"▼ 네이버에 내 블로그가 안 뜬다고요? 해결책은 바로 여기! ▼
https://bit.ly/3UWuXrH

블로그 운영, 챗GPT 글쓰기 노하우에 대해서 탐구하는 채널입니다.
",4250,75,288845
사람 블로그,외국인 사람,UCJdvOIYS9-M98VV140LRDcA,,21600,99,848759
사람 블로그,사람과산재,UCl4Mdn98Fto8E53SJldmKFg,"산재보상 전문 노무법인 사람과산재 입니다.

누구나 산재는 처음입니다.
그러나 방법은 있습니다.
여러분이 포기하지 않는다면 저희도 포기하지 않습니다.

저희 법인은 20년 이상 산재보상을 진행하며
다양한 직종에서 겪는 까다로운 사건들에서 산재 인정을 받아왔습니다.

산업재해를 당한 재해자와 가족들에게 희망과 도움이 되는 강의와 정보를 보내드립니다.  
산재보상 이제 전문가와 의논하십시오.


사람과산재 홈페이지 http://www.humansanjae.com/
사람과산재 블로그 https://blog.naver.com/human_sanjae
사람과산재 대표번호 1811-6461
",3260,180,420127
코미디, 개그콘서트,UCzT7nHtzVqwiarTH8sqHaJA,"전국민 웃음 대통합, 개그콘서트!

대한민국 코미디의 시발점!
대한민국 코미디의 상징!
대한민국 코미디의 미래, 개그콘서트!

매주 일요일 밤 9시 20분 KBS2TV 
",819000,4658,1832324612
코미디,레프엣더코미디,UC-_8wjvqgQ7hvgZ70yNXX4A,"코미디는 코미디일 뿐!! 스탠드업 코미디 Stand-up Comedy 알고 웃자구요!
보고 싶은 코미디가 있다면 주저하지 말고 언제든지 영상 링크를 남기거나 인스타 dm 보내주세요 :)

🤣Taylor Tomlinson & Matt Rife🤣 맷 라이프 & 테일러 톰린슨

Instagram👇
https://www.instagram.com/laughatthecomedy/
",2940,84,3867128
코미디,코미디티 CMDT,UCUusU-Lgf8dVY_scX1SVx6Q,𝒆𝒗𝒆𝒓𝒚𝒕𝒉𝒊𝒏𝒈 𝒊𝒏 𝒄𝒐𝒎𝒆𝒅𝒚,572,71,3296049
코미디,John Mulaney - Topic,UCDorjUHVLiZ_QZvELIQTNcQ,,69700,94,18096876
코미디,코미디아나,UC4I1tfQGW_gYNIoohTgnBQw,"한국 언론 보도를 해부해 보겠습니다!
당분간은 주 5~6회씩 그날의 주요 키워드 전달해 드릴게요!
앞으로도 기획할 최근 소식과 언론 관련 내용 기대해주세요!
",1270,792,924643
코미디,화이트코미디,UCtVGlUsys6au0NbEMSGgG6g,"멀지않은 미래, 상상 속 이야기들이 눈 앞에 펼쳐진다면.. 
과연 우린 행복할까?

'하얀 컨텐츠를 제작합니다'

PD 김필용 (김기리 송필근 김용)",4110,20,248696
코미디,코미디 왕국 😂🙏,UCsB02sRGcEt3pzwudfoP1mg,저의 코미디 킹덤 비디오 채널에 오신 것을 환영합니다 😂🙏,2,5,0
코미디,Dark de Gary Comedy Club (닭대가리 코미디 클럽),UCjQ_AWLK9_Mb6fwnO8VQZBg,"닭대가리 코미디 클럽은 대한민국의 스탠드업 코미디 씬의 확산을 위해 노력하며 쑈를 선보이는 코미디 전문 회사 입니다.

DDG (Dark de Gary Comedy Club) is a company based in Seoul.
We organized Stand Up Comedy Shows.

If you are planning on coming to Korea and perform whether it be an open mic or a showcase,
Please DM us through Instagram ( https://www.instagram.com/darkdegary_comedyclub/ )


",192,83,138369
코미디,코미디티비 Comedy TV,UCHcsy2HkeLAus-43nKDm09Q,"iHQ Media Group - Official YouTube Channel

(주)iHQ 공식 유튜브 채널입니다
◆ 비즈니스 메일 : mobile@ihq.co.kr
",1070000,8833,876283176
코미디,씃다운코미디,UC5aQnAdc-B81-hzuLM_fA9A,"트리플에스 라이브 요약본은 씃다운코미디

triplessstandup@gmail.com",2210,38,507640
코미디,레전드코미디,UCk9HnCn1cJH8t7NWCRNF9-w,"무조건 웃겨드림!
*과도한 비난, 음해 및 비방성 댓글은 
삭제조치 될 수 있습니다.",15000,1,5918154
코미디,흑형코미디,UCdsOCXylXD-pUO12vMXpwog,"KSI가 유투브 활동을 복귀하긴 했지만 이것저것 잡다하게 자막합니다.
질문용 이메일:pkw061100@naver.com
가끔 스트리밍 켜서 자막도 만들고 소통도 합니다

뿌리깊은 역사를 자랑하는 번역맛집 흑형코메디 Since.2013 -자막에 날개를 달다-",83000,84,29426825
코미디,코미디테이프,UCElBd036uodA9BPgmhlcXDw,"음악 코미디 크루
- 김주환
- 정수현

📧협찬/광고/섭외 문의 :wnghksnl@gmail.com",31900,73,29828349
코미디,부산국제코미디페스티벌,UCCeI5njrCAjRgLOTSyYhXTw,"부산국제코미디페스티벌(Busan International Comedy Festival, 약칭 BICF)은 아시아최초, 최대의 국제코미디페스티벌로 2013년에 첫 발을 내디딘 후 매년 부산에서 개최되고 있습니다.",2840,536,1421963
코미디,부산코미디클럽,UCqAePH8lUfCwypIeZo4lZ7A,"부산의 서탠드업 코미디 문화를 선도하는 부산코미디컬럽입니다. 
공연 예매: https://booking.naver.com/booking/12/bizes/847563/items/6031990?preview=0
",14900,265,9163178
코미디,코미디헤이븐(ComedyHaven),UCX0QbFGX5LscgfZQCZ5qIAg,한국 웰메이드 스탠드업 코미디 모음 // 구독 & 좋아요 부탁드려요!,13500,41,2858490
코미디,서울 코미디 클럽 SEOUL COMEDY CLUB,UCpbV6ZkCQXSyUQmovY2deIg,"대한민국 코미디의 성지, 서울 코미디 클럽

국내 최초로 상설 운영되는 스탠드업 코미디 전용 극장으로, 대한민국 최고의 코미디언들이 펼치는 스탠드업 코미디의 정수
단 하나의 마이크로 관객을 사로잡는 진짜 코미디의 매력을 선사합니다.

네이버 평점 4.9점을 기록하며 관객들로부터 꾸준한 사랑을 받고 있는 
서울 코미디 클럽에서 여러분의 일상에 유쾌한 반전을 선물하세요! 

📍장소
서울 코미디 클럽 (서울특별시 종로구 종로14길 4, 2층)

🕐공연장 운영 시간 안내
수 - 금 (WED-FRI) 20:00  
토 (SAT) 14:00 
일 (SUN) 14:00 

*공연장은 공연 시작 1시간 전부터 입장 가능합니다. 
",128000,402,29188553
코미디,코미디위원회ComedyCommittee,UCy-nZHi5GefG_EZfxjelMIg,비즈니스 문의 : rhymekill@hanmail.net,330,12,53944
코미디,메타코미디클럽,UC-OcDPFxfY9Hhdf5P9zq7-A,"Metacomedy Originals
*메타코미디클럽 홍대 OPEN, 서울특별시 마포구 와우산로 76-1 2층
네이버에서 '메타코미디클럽 홍대'를 검색하세요
예약하러 가기 https://booking.naver.com/booking/12/bizes/1037135
",871000,490,786374056
코미디,코미디빅리그,UChLGxPXbXU_xIxTfTTMGn5g,"대한민국 웃음의 대세 [코미디빅리그]
대세 ‘코미디언’들의 웃음 사냥을 위한 치열한 코너 경쟁은 계속된다!  

매주 수요일 밤 10:40 tvN! 

",614000,7133,907045481
엔터테인먼트,포레스트엔터테인먼트 forestentertainment,UC8615uMtoZurzTkEzJ3khkQ,"포레스트엔터테인먼트 배우들의 소식을 전하는 곳입니다.

김리원 김민주 김형석 안다비
유이준 이신영 이인엽 이태인 
임형국 장하란 정예빈 최기범 최은경
",2880,115,532855
엔터테인먼트,베짱이엔터테인먼트,UCOpYOjsIYd26PBC2Nexr8PQ,"■대한민국 NO.1 전통민속문화 프로그램 전문 방송■ 
사대천왕, 시대의 대만신들, 만신포차, 위험한초대, 사후신당, 애동신당, 신퇴마록, 신엑소시스트, 더마스터, 고스트헌터, 최고의 점술사를 찾아라, 미스터리 서클, 신이 선택한 사람들, 점사의달인, 용감한무당들, 쌍점, 인생점집, 용한점집, 신점, 신빨쎈 무당들, 실시간생방송 등등...

문의사항 및 사연신청: mudang1234@daum.net
인스타그램: @bejjangi_ent

본 채널의 모든 영상은 저작권법에 의해 보호받으며
무단으로 재사용, 배포, 업로드 시 저작권법에 따라
처벌받을 수 있습니다.
",498000,3261,155442001
엔터테인먼트,촌장엔터테인먼트TV,UCIfadKo7fcwSfgARMTz7xzA,"【SBS 짝을 기획한 남규홍 PD가 만드는 유튜브 채널!】

안녕하세요 
촌장 엔터테인먼트 입니다
앞으로 다양한 콘텐츠 진행할 예정이니
많이들 구독해 주세요.

--------------------------------------------------------------------------------------------------------

【The YouTube channel created by producer Nam Kyu-hong who created the SBS jjac!】

Hello, This is  Chonjang Entertainment.
We are planning to proceed with various contents in the future.
Please SUBSCRIBE my channel.",322000,3816,344816669
엔터테인먼트,잼엔터테인먼트,UCzXwAmqRDiCXXclSFyxSVqw,"JAM Entertainment 공식 유튜브 채널
- 조정석, 정상훈, 장영남, 임철형, 양준모, 강홍석, 유수빈, 나현우, 이수찬",1360,26,94120
엔터테인먼트,멸치 엔터테인먼트,UC9L8oslEiEAskQNsjj17G6Q,"현존하는 가장 얇은 멸치입니다.
",168,33,21649
엔터테인먼트, 더블엑스엔터테인먼트 xxentertainment,UCPmQpfv8zIcDYm8L0_w6pBg,"Welcome to XX Entertainment Official YouTube Channel!
[Double X Entertainment Official]
▶+82.2.323.1023
▶ info@xx-ent.com 


[Connect with xxentertainment] 
▶ Official Youtube - https://www.youtube.com/xxentertainmentofficial
▶ Official Instgram - https://www.instagram.com/xx_ent
▶ Official Facebook - https://www.facebook.com/xxent.official/
▶ Official Twitter- https://twitter.com/xxent_
▶ Official V LIVE - http://channels.vlive.tv/D0B5CF
▶ Official TikTok - https://vt.tiktok.com/ZSpnMjFu/
▶ Official Site - http://xx-ent.com
▶ Official Post -  http://post.naver.com/xx-ent 
▶ Official Blog -  http://blog.naver.com/xx-ent


",114000,1083,93201793
엔터테인먼트,냠냠엔터테인먼트 YAMYAM ENTERTAINMENT,UCx_IoWPI_v4jI230YSvAHWQ,"냠냠엔터테인먼트의 공식 유튜브 채널입니다. YAMYAM Entertainment's Official YouTube Channel.

with Good Actors&Actresses,
with Good Music,
We are YAMYAM Entertainment.
",170000,128,109334739
엔터테인먼트,SOFT 엔터테인먼트,UCnYx0iDvhaJbWj-3OJhtZhQ,"고품격 EVENT PLAN, SOFT ENTERTAINMENT의 채널입니다.

홈페이지 : softenter.modoo.at
블로그 : blog.naver.com/softent
문의/상담 : 010-6294-0947, softent@naver.com",1900,547,1005286
엔터테인먼트,인사이트엔터테인먼트,UC7raS06yd7OB1Qt47NG9rxg,,7790,452,4671842
엔터테인먼트,레트로 엔터테인먼트 Retro Entertainment,UCgyKhAxeE17u9Ts6nVtS55Q,Retro Entertainment official channel,10400,555,1155265
엔터테인먼트,롯데엔터테인먼트,UCC2F35lZ0drUeMJOATXde2g,,64100,2223,204907880
엔터테인먼트,MIRAGE ENT.미라지 엔터테인먼트,UCRsCU2AXj3WR9_se7d0p_Sw,미라지 엔터테인먼트의 소식을 전해드립니다.,6770,55,931768
엔터테인먼트,사람엔터테인먼트 Official,UC6jxnV2vbbq6j5pHfsFm_fQ,"SARAM Entertainment Official YouTube Channel.
사람엔터테인먼트 소속 배우들의 일상을 기록하는 공식 채널입니다. ",58600,110,5803273
엔터테인먼트,플러스엠 엔터테인먼트,UCsLHf-l27Rb4CK-i8cmqEEw,플러스엠 엔터테인먼트 공식 유튜브 채널입니다,35800,1186,93456113
엔터테인먼트,OVUR 엔터테인먼트,UCbkM3hEU2BjJiAzXrLCphqQ,"오버 엔터테인먼트는 소속 아티스트들이 더 높은 꿈을 향하여 한계를 넘을수 있도록 지원 합니다.

브랜드모델, 운동모델, 유튜버 지원 및 섭외문의
ovur_ent@naver.com ",2470,178,528043
엔터테인먼트,빅웨일엔터테인먼트,UC-MRlbUuOGgDntBdvoCmB7A,"𝔹𝕀𝔾𝕎ℍ𝔸𝕃𝔼 𝔼ℕ𝕋𝔼ℝ𝕋𝔸𝕀ℕ𝕄𝔼ℕ𝕋 Official Youtube

#홍예지 #서재우 #박세현 #지승현 #안시하  #우정국  #안수은 #이은주 #김병춘 #정만식 #고은민  #이연경
",1620,150,552518
엔터테인먼트,Bill Entertainment [빌엔터테인먼트],UCUfFPeSvpSeGSOYQef2ueBw,Bill Entertainment OFFICIAL YOUTUBE CHANNEL,84800,291,30306587
엔터테인먼트,Do7 Entertainment 두세븐엔터테인먼트,UC41966VLprZJBpfRNh-lIGw,,22000,65,2456878
엔터테인먼트,에이엠엔터테인먼트 AM ENTERTAINMENT Official,UCu0ZDhMm2_pPTOWbod2xsqw,"에이엠엔터테인먼트의 공식 유튜브 채널입니다.
AM Entertainment Official YouTube Channel
",6490,79,2273785
엔터테인먼트,엘줄라이엔터테인먼트 L.julyent,UCc-UY_QhHOoU337Hp-ARs6A,"L.JULY Entertainment official YouTube channel
배우 고명환, 김태훈, 남중규, 류태호, 박보경, 배윤규, 백지혜, 윤주, 윤준원, 이기혁, 정순원, 진선규, 황찬성, 윤우, 홍지희, 우미화, 배우진, 김희정
",1960,173,263052
뉴스 정치,채널A News,UCfq4V1DAuaojnr2ryvWNysw,"당신의 목소리, 채널A News",3170000,133361,5847785496
뉴스 정치,채널A 뉴스TOP10,UCIIpmDPVk7nzNHEUSHmvkUg,"여러분의 저녁 파트너입니다. 월~금 오후 5시 20분~7시, 토일 오후 5시 40분~7시.",1380000,29345,1509058176
뉴스 정치,KBS뉴스 전북,UC0QmCmZuE1uQcvqHVg2OYDQ,"KBS전주방송총국 공식 뉴스 채널입니다.  
공정하고 균형 잡힌 뉴스, 지역민과 소통하며 미래 비전을 제시하는 
다양하고 역동적인 뉴스를 전해드리겠습니다.   

✅제보
📞유선전화 063-270-7400
💻이메일 jjbodo@kbs.co.kr
🔍카카오톡 채널 KBSJJ
🔗SNS https://linktr.ee/KBSJJ

또한,  KBS전주 1TV 온라인 실시간 방송은 모바일앱 🔵KBS+에서 시청할 수 있습니다.  
앞으로 보다 나은 디지털 미디어 서비스를 제공하기 위해 최선을 다하겠습니다.  
많은 관심과 애정 부탁 드립니다. 감사합니다. :)",114000,17586,98972293
뉴스 정치,뉴스타파 Newstapa,UCeFUGS2VCOb6DO3BiUgvwNA,"한국탐사저널리즘센터 뉴스타파는 99% 시민을 위한 비영리, 비당파, 독립 언론기관입니다.
뉴스답지 않은 ‘가짜 뉴스’를 ‘타파’하고, 언론 본연의 임무인 권력 감시와 진실 보도를 지향하는 ‘진짜 뉴스’를 위해 뭉쳤습니다.
",1760000,5285,592574941
뉴스 정치,WSJ News,UCMliswJ7oukCeW35GSayhRA,"WSJ News delivers the news you need, when you need it.
",588000,2800,158226511
뉴스 정치,뉴스토마토,UCYUGo6ZfQZCTMrK9rMDijNQ,"청정언론, 싱싱한 뉴스, 멀티미디어 경제매체 뉴스토마토를 만나보세요

💘💘 뉴스인싸 프라임(채널 멤버십) 가입하기
 - https://www.youtube.com/channel/UCYUGo6ZfQZCTMrK9rMDijNQ/join

🔥🔥구독자 이벤트 참여 🔥🔥
 - 실시간 채팅, 댓글 참여하고, 매일 최대 7000TTCO(7000원) 쿠폰 받자 🍅🍅 
 - https://www.tongtongmall.net/membership_num
 - 실시간 채팅: 하루 1번 참여, 2,000TTCO 지급
 - 댓글: 하루 5번 참여 1,000TTCO 지급 (하루 최대 5,000TTCO)

📺 주요 프로그램 안내

👍 박지훈의 뉴스IN사이다: AM.07.20
- 사이다처럼 톡 쏘는 시사. 매일 오전 7시20분. 박지훈 변호사가 시원하게 풀어가는 뉴스와 대담.

📡 뉴스리듬 Live: AM. 9 / PM. 12 / PM. 4.30
- 뉴스토마토 기자들이 만드는 종합뉴스. 오늘의 핫뉴스를 만나는 가장 확실한 습관.

🌐김창현의 창 : AM. 11
- 김창현 K-평화연구원장의 인터뷰 SHOW! 민주주의에 한발 더 가까이 통하는 창으로 안내한다.

⚡끝장뉴스 : PM.5
- 뉴스토마토가 선택한 오늘 가장 뜨거웠던 뉴스는? 시사ㆍ경제 뉴스를 끝까지 파헤친다!

🌏 이원재의 끝내주는 경제 🏘 : PM.5.45 
- 이원재 성공회대 연구교수가 진행하는 고품격 경제 방송.

🎯토마토Pick! : AM.6
 - 미디어토마토 콘텐츠국이 제작하는 오늘의 이슈 심층해설

📌 토마토레터브리핑: AM.6
- 미디어토마토 콘텐츠국이 제작하는 오늘의 핵심 뉴스 브리핑

🎤 말하는 기자들 : 매일 수시로  40꼭지 내외
-뉴스토마토 편집국 기자와 피디가 만드는 데일리 보도 뉴스

🌿 통통생활 생활용품 4종 구매 바로가기
https://www.tongtongmall.net/
",890000,40026,434891599
뉴스 정치,KBS사사건건,UCpVw9Y6pqUiCY0Sgc8Ae9mA,"사사건건

공영방송 KBS가 새롭게 선보이는 데일리 시사 토크 프로그램, 사사건건! 
날카로운 분석, 명쾌한 해설, 진실을 향한 거친 질문!

[여의도 사사건건]
 평론가들의 해설만으로는 현실 정치를 제대로 이해할 수 없다.
여의도 정치의 은밀한 내막, 현직 의원들이 직접 밝힌다!

[사사건건 플러스 ①, ②]
매일 쏟아지는 각종 시사 이슈, 전문 패널단이 사사건건 파헤친다!
범람하는 가짜 뉴스 속에서 진짜 팩트만을 골라 명쾌하게 해설한다!

많은 관심 부탁드립니다.",101000,4513,54678081
뉴스 정치,SBS 시사교양 라디오 - 시교라,UCLv3v82YNNsa8EsxrcPMjGQ,"SBS LOVE FM 103.5MHz 

1. 고현준의 뉴스 브리핑 
✨ 오늘 아침 꼭 알아야하는 뉴스만 골라서 알려드립니다
⏰월~금: 06:05 ~ 07:00
🌐공식홈페이지 https://programs.sbs.co.kr/radio/newsbriefing


2. 김태현의 정치쇼 
✨ 발랄한 아침 시사 토크쇼!
⏰월~금: 07:05 ~ 09:00
🌐공식 홈페이지: https://programs.sbs.co.kr/radio/lchshow

※ 유튜브 오리지널 [정치쇼 본.방.불.가]
⏰매주 목: 09:05 ~10:00 


3. 박연미의 목돈연구소
✨ 생활 밀착형 돈되는 경제 이슈 
⏰매일: 11:00 ~ 12:00
🌐공식홈페이지 https://programs.sbs.co.kr/radio/sbsbigmoney/main


4. 어예진의 방과후 목돈연구소 
✨ 장이 끝나도, 투자는 끝나지 않는다! 경제 보충학습!
⏰월~금: 16:00~17:00
🌐공식홈페이지 https://programs.sbs.co.kr/radio/afterbigmoney


5. 주영진의 뉴스직격 
✨ 뉴스는 깊이 있게, 팩트는 직격으로!
⏰월~금: 17:00~18:00
🌐공식홈페이지 https://programs.sbs.co.kr/radio/lovefmjyj


",659000,12519,357036764
뉴스 정치,시사IN(시사인),UCaVuYo_tiiNzTSmlnM-A2kQ,"더 나은 세상을 만드는 저널리즘, 
시사IN이 만든 라이브 방송 
시사IN 유튜브 편성 안내

🔴 [월~목 오후 5시] 김은지의 뉴스IN 
김은지 정치팀장이 정치 현안을 샅샅이 훑어드리겠습니다. 

●시사IN 홈페이지 https://www.sisain.co.kr/
○시사IN 구독 https://subscribe.sisain.co.kr/
○시사IN 후원 https://support.sisain.co.kr
○시사IN 후원 계좌 하나은행 109-910017-83704 ㈜참언론
○시사IN paypal http://paypal.me/sisain
● 광고 문의 webmaster@sisain.co.kr

",633000,2969,163652314
뉴스 정치,오마이TV,UClAfLVQYZSLrMAQQ_SXPVZw,"채널에 가입하여 혜택을 누려보세요.
https://www.youtube.com/channel/UClAfLVQYZSLrMAQQ_SXPVZw/join
",2460000,56352,2935790988
뉴스 정치,포항MBC NEWS,UCdcyo5bb--gqMzT95Yu1eXw,"경북동해안 유일의 신뢰받는 방송 포항MBC입니다. 
포항, 경주, 울진, 영덕, 울릉의 다양한 소식을 전해드립니다.

퍼뜩 구독 눌러주이소 (제발요...🙏)

",50900,37594,33675657
뉴스 정치,Arirang News,UCzznO4xSV8BKnUBPyswtCUw,"Arirang NEWS delivers the latest news on National/Politics, North Korea, Economy, IT/Science, Foreign Policy, World, Life/Culture of the Korea.

아리랑의 대표 뉴스 프로그램인 ""아리랑 뉴스""는 객관적이고 심도있는 논평을 통한 국내외 뉴스를 전 세계에 보도합니다.
 
     
📣 Facebook : https://www.facebook.com/arirangtvnews
📣 Twitter : https://twitter.com/arirangtvnews
📣 Homepage : https://arirang.com/
    
ⓒ The Korea International Broadcasting Foundation All Rights Reserved
",732000,163272,335793601
뉴스 정치,KBS뉴스강릉,UCrcBahZFDvKXtKnvLqY6C1Q,"지역 시청자와 함께 하는 KBS강릉 

제보전화 033-640-7400",13100,8786,12961021
뉴스 정치,MBC 라디오 시사,UCTTmtS2ljy1vyl_s-d_LEHQ,김종배의 시선집중 / 권순표의 뉴스하이킥 / 정치人싸  / 주말 김치형의 뉴스 하이킥 / 성지영의 뉴스바사삭,1710000,25550,1812495922
뉴스 정치,박재홍의 한판승부,UCV9gIwasozKlwz5U2Sa2q6g,"CBS 라디오 '박재홍의 한판승부' 공식채널입니다.
(월~금 저녁 6:00-7:30  / 98.1MHz, 레인보우앱, 유튜브)
",880000,14001,614116460
뉴스 정치,Guardian News,UCIRYBXDze5krPDzAEOxFGVA,"The Guardian News channel brings you live streams, breaking news and explainer videos so you can understand what’s happening, as it’s happening.

The Guardian has been providing high-impact, independent journalism since 1821, always free from commercial and political influence. Help sustain our future by making a contribution today  ► https://bit.ly/3k6jYYo

The Guardian YouTube network:

The Guardian ► www.youtube.com/theguardian
It's Complicated ► https://bit.ly/ItsComplicatedSubs
Guardian Australia ► http://bit.ly/gdnaustraliasubs
Guardian Football ► http://is.gd/guardianfootball
Guardian Sport ► http://bit.ly/GDNsport

",3880000,19741,3338909184
뉴스 정치,뉴스TVCHOSUN,UCWlV3Lz_55UaX4JsMj-z__Q,TV조선 뉴스 공식 YouTube 입니다.,2820000,140990,3951951539
뉴스 정치,NATO News,UC3z9S2WXr6BRZm5bAU3DS6Q,"NATO's News channel on YouTube hosts all the Official NATO Press Conferences and Speeches. 
Subscribe to be notified as soon as the videos are published!",91600,1340,16102403
뉴스 정치,CBS 김현정의 뉴스쇼,UC4Aa3OPkMenwTANpf0oWVRQ,"김현정의 뉴스쇼는 정치 사회의 주요 인사는 물론, 화제의 인물을 실시간으로 연결합니다

여러분의 소중한 제보를 받습니다
잘 알려지지 않았지만 꼭 다뤄져야 할 중요한 사안이 있을 경우
메일, 문자 또는 레인보우 게시판을 통해 제보해 주세요
 
프로그램 아이템으로 적합한 경우, 검토 이후 방송에 반영하겠습니다



▣ 제보 및 의견
◇ 문자: #1212
◇ 뉴스쇼 제보 이메일: cbsnewsshow@gmail.com
◇ 댓꿀쇼 관련 이메일: newsshow.cbs@gmail.com

▣ 방송 안내
뉴스쇼 채널 | CBS FM 98.1
뉴스쇼 라이브 방송 | 매주 월~금 오전 7:10~9:00
댓꿀쇼 라이브 방송 | 화·목·금 주 3회, 본방송 이후 9시",1570000,18530,1217599101
뉴스 정치,뉴스정치,UCe2tgS-bwRwqehQ3UNeTJZw,"Korea's  news channel 

24시간 생방송 한국 뉴스.
긴급특보, 생방송 오늘아침, 아침뉴스, 최신 뉴스/속보 . 자주 찿아주시고 구독과 좋아요 많이 눌러주세요!!
구독하기 : https://goo.gl/wTq1Ps",11,203,3503
노하우 스타일,스타일그래퍼,UCC3SQ_q_MCO65DcbNS58qCQ,"힙스터만 화보 찍으란 법은 없잖아?!
평범한 사람들의 추구미를 실현해 주는 스타일그래퍼.
다른 관점, 좋은 것을 주려는 진정성이 사람들을 모읍니다.

인스타 @stylegrapher_official 
홈페이지 www.stylegrapher.com

✔️상담문의
카카오채널 - 스타일그래퍼
",2790,85,106510
노하우 스타일,Stylisoo 스타일리수,UCFreft8zFyGUrGuGUWjEitw,"Hi!
I'm Soojin Lee and I make beauty, fashion, and lifestyle videos!
안녕하세요!
저는 '스타일리수' 라는 채널을 운영하고있는 이수진입니다!
뷰티, 패션, 일상 관련 영상을 제작하고 있으며, 현재 18살 대학생입니다!
많은 관심 부탁드립니다 ㅎㅎ",1740,10,174504
노하우 스타일,Style Library,UC0WPxEq48rSsFrKzaWbDJGg,"자신만의 스타일을 만드는 방법
지식을 더해 감각을 키우기
기회를 만드는 자기관리 노하우
",17,15,5210
노하우 스타일,인생차트,UCs1CwvCAGYnlnfJUJ2lIG0w,인생은 차트 같더라.,25,28,2961
노하우 스타일,Hong's MakeuPlay 홍이모,UCW67yGQxNNMnLqRHyaTjygA,"안녕하세요 메이크업 아티스트 홍현정입니다!
쎌럽들의 원조 메이크업아티스트 홍언니가 알려주는 뷰티 노하우와 튜토리얼을 확인해보세요!

Welcome to Hong’s MakeuPlay!
I’m Hong, Pro makeup Artist from Seoul, S.Korea.
Check out my K-celebrities’ make-up tutorials and beauty tips!

*비즈니스 문의:  Hongsmakeuplay@gmail.com
*인스타그램: www.instagram.com/hongsmakeuplay
*홈페이지: www.honghyunjeong.com

*Business Enquires: Hongsmakeuplayl@gmail.com
*Instagram: www.instagram.com/hongsmakeuplay
*Website: www.honghyunjeong.com",351000,726,99413011
노하우 스타일,스타트업 투자 파이터 - 스투파,UCmMQsGM2uBygZhwZl-zv47A,"스타트업과 관련된 최신 이슈와 투자 동향, 창업 노하우를 알려드리는 새로운 스타일의 동영상 매거진

- 이슈 파이터 : 스타트업 업계의 주요 이슈를 인사이트와 의문을 가지고 풀어보는 코너
- 창업 파이터 : 새로운 사업모델과 아이템으로 세상을 혁신하려는 유망 스타트업 창업자를 초대해 날카롭게 질문하는 코너
- AC/VC 파이터 : 스타트업 육성 및 투자 전문 엑셀러레이터와 벤처캐피탈 경영진을 초대해 질문하고 답변하는 코너
",3690,237,398180
노하우 스타일,쩜장님ㆍjanglim,UCUBbKdUc7DqodCtcw7FxaoQ,"🔸테일러링 하우스 페리쉬 20년 운영
🔸시드니 강남 시청 상해 홍콩 베이징 마닐라 직영운영
🔸어디서든 들어본적 없는 사업 노하우",323,41,224488
노하우 스타일,케이스타일리스트,UCr8yEe7dnD0TXmQVCGDsFUw,"안녕하세요 스타일리스트 케이입니다!!!

제 채널은 명품이나 아이템 하울 하는 목적이 아니라

옷 잘 입는 방법, 노하우, 디테일등 

스타일링에 대한 전반적인 꿀팁 드리는 채널이예요~

그럼 재밌게 보시고 많은 꿀팁 얻어 가셨으면 좋겠습니다^^

항상 건강 하세요~!!!",40400,216,6802198
노하우 스타일,살림스타일,UCH7gKzVHUGt043hRMgkU9mw,,7,8,14237
노하우 스타일,정진 원장 TV,UC-f5-mNz6H3l2y0XwDFLz3Q,"얼굴형, 모발량, 모질상태, 라이프스타일에 따라 성형컷 전문.

30년 노하우로 연구로 다수의 창작 퍼머 개발

매니아 고객층 만드는 비결 전수.

✅네이버 블로그 주소
http://naver.me/xN9DABxX

✅인스타그램 주소
https://Instagram.com/hairdresser.j.j",347,59,49299
노하우 스타일,태진쌤 스타일,UCmvaQGYmCEMQNXlQKEitmhA,"[청담동 출신 쌀롱 경력 20년 이상의 노하우를 보여드리는 쌀롱워크 채널] 

보브컷 , 레이어드컷 , 단발컷 , 숏컷 , 중년머리스타일 전문가

청담브랜드 유명 헤어샵 전직원 교육 실장을 보낸 후
개인 쌀롱을 운영하며 그동안 쌓아 왔던 실력을 보여드리고 알려드릴 수 있도록 
미용인 여러분들께 도움이되는 교육 영상과 그리고 
고객과의 상담을 통한 모발에 따른 시술법과 시술 영상도 꾸준히 업대이트 할 예정입니다
많은 관심 부탁 드립니다^^

예약문의 010 6256 2896

프롬에이헤어 마곡점

마곡나루역 <9호선 (급행) , 공항철도> 2번 출구 앞
",15200,238,2884053
노하우 스타일,하진 tv 소소한 수치,UCQfQJtb2Xfqel8rzbqCFlrA,"♥모두 피부 건강하게 살아요♥
하진tv 인플루언서 김하진 입니다
뷰티크리에이터로 활동할수있는건 구독자 여러분들의 응원의 힘!입니다 
즐겁고 재미있는모든걸 함께하길 기도합니다 진심으로 감사드립니다♥♥♥
뷰티
스킨케어
다이어트
쉽게하는 홈케어
소소한 생활
소소한 수치 
주름많고 잡티많은저이지만 집에서 관리하는스킨케어  조금씩 구독자분들과 함께하려합니다 힘과 용기 많은사랑 부탁드립니다 모두 행복속에 건강한 삶이 가정에 함께하시기를 기도합니다 감사합니다
비지니스 문의
인스타 khjjj503
이메일kmjjj0145@naver.com
부탁드립니다

톡khjjj7777

https://youtube.com/channel/UCrfLsKkmnkg4OUG60gRtzDg

집에서 홈케어즐기기#뷰티#천연화장품만들기#천연오일#노하우#스타일#회사집밥#하진이#수치즐기기#행복즐기기#함께해요#+중년피부관리#안티에이징#",212000,1159,27834479
노하우 스타일,스타일노하우,UCggnDGdqeFu2iIy70s0b3Xw,"스타일노하우입니다.
중년여성의 스타일,패션,건강에 대해 다양한 정보를 공유해볼게요.


6F2HV2@AICOMPANY",57,10,19633
노하우 스타일,수상한Karai,UCPN6rDC8h6ORnd9j1hJ93fw,"instagram: hiro.youngk
#30대 #라이프스타일 #외국어 #노하우

안녕하세요 초보유튜버 수상한카라이 | Suspicious Karai 입니다.
치열했던 10대, 20대를 거쳐 평범한 직장인으로 살아가는 30대 남성입니다.
마음 속에만 간직하고 있던 어린 시절의 꿈, 열정, 경험을
유튜브를 통해 여러분들과 나누고 싶습니다.

Hey, guys! Thanks for visiting my YouTube channel. I'm called Suspicious Karai. 
I hope my channel to be a window where I can communicate and share my dreams and thoughts
with many of you guys worldwide, regardless of age, nationality, sex or any backgrounds. 
",447,2,14055
노하우 스타일,까블리키,UCit8yK5XDBnpdIEbcHTCQ2w,"1:1 맞춤 헤어컨설팅 , 남자 머리 전문 디자이너


어떠한 스타일도 두상과 모질에 맞게 진행합니다.
다년간 쌓아온 경험과 노하우로
미용실에서만 예쁜머리가 아닌 똥손도 금손으로
만들어 드립니다. 두상성형 펌,짧은머리 펌 마스터,
아이롱펌,포마드 1인자 헤어디자이너 리키입니다.
1-2cm머리도 모류교정펌 해주는곳 어디?여기✔️


 100%예약제로 운영되는 1인 남자 전문 미용실
 'CabelloBlanco' 대표원장 리키

휴무| 매주 수,목 일요일 및 공휴일
예약| 02-6085-2777 및 카카오톡)scisssors86
위치| 서울시 관악구 봉천로605 2층 까벨로블랑코



",1040,180,315460
노하우 스타일,스타일지존,UC6YWgVtqhghysrz4dtS1_Hg,"http://stylezizone.com

#두피케어 #헤드스파 #두피커버 #두피smp #업스타일 #드라이 #두피1인샵창업 #교육전문 #평생교육원 #스타일지존",4100,25,308994
노하우 스타일,스타일 스튜디오,UCdanZCPXQ7BgvUXdFFR1ZNA,"**스타일 스튜디오**에 오신 것을 환영합니다! 패션과 스타일을 사랑하는 모든 분들을 위한 최고의 장소입니다. 이 채널은 최신 패션 트렌드, 스타일링 팁, 그리고 다양한 룩북을 통해 여러분의 패션 감각을 한층 더 업그레이드해 드립니다. 우리는 매주 신선한 콘텐츠로 다양한 패션 아이디어를 제공하며, 여러분이 자신의 스타일을 찾고, 자신감을 가질 수 있도록 돕습니다.

스타일 스튜디오에서는 명품 브랜드부터 스트리트 패션까지, 다양한 패션 아이템을 소개하고, 실생활에서 활용할 수 있는 스타일링 노하우를 공유합니다. 또한, 시즌별 패션 트렌드 분석과 스타일링 도전, 패션 리뷰, 그리고 유용한 쇼핑 팁도 제공하여 여러분이 보다 스마트하게 패션을 즐길 수 있도록 돕습니다.

패션은 단순히 옷을 입는 것이 아니라, 자신을 표현하는 중요한 방법입니다. 스타일 스튜디오와 함께라면 누구나 자신만의 독특한 스타일을 찾고, 매일매일 멋진 모습으로 변신할 수 있습니다. 구독과 좋아요를 눌러주시고, 매주 새롭게 업로드되는 패션 콘텐츠를 놓치지 마세요. 스타일 스튜디오와 함께 패션의 새로운 세계를 탐험해 보세요!
",0,3,69
노하우 스타일,노하우,UCXbfGuWlqZhaMlbiqK6I4yg,,775,10,122210
노하우 스타일,모두의뷰티,UCuXVfket1BbLWfwV5hxVUxA,"✨ 모두의지인 Beauty Channel ✨

당신의 인생 메이크오버를 도와드립니다 💝
퍼스널 컬러부터 메이크업, 스타일링까지!
[콘텐츠]
📍 퍼스널 컬러 진단 & 팁
📍 데일리/데이트 메이크업
📍 헤어스타일 변신
📍 이미지 메이킹
📍 스타일링 노하우
📍 뷰티 제품 리뷰
[
비즈니스 문의]
📧 이메일: manager@jiin.love
📱 인스타그램: @makeover_jiin

여러분의 '구독'과 '좋아요'가 더 좋은 콘텐츠의 힘이 됩니다 ❤️
#퍼스널컬러 #메이크업 #이미지메이킹 #뷰티크리에이터 #모두의지인
",25100,333,19628711
노하우 스타일,ListAZ 리스트에이젯,UCBiREl-pySkdSX2VwOAu7ow,"📢 ListAZ 리스트에이젯 | 트렌디한 리스트 콘텐츠

📌 ""궁금한 정보, 리스트로 정리해서 빠르게!""

ListAZ는 🔥 트렌디한 정보, 심리 유형, 라이프스타일 팁, 직장 & 일상 노하우 등을 리스트 형식으로 쉽고 재미있게 정리해드립니다.
MBTI 유형별 반응, 최신 트렌드, 꿀팁, 정보 정리를 한눈에 볼 수 있는 콘텐츠를 제공합니다!

📌 이런 콘텐츠를 다룹니다!
✅ MBTI + 혈액형별 반응 시리즈 (성격 유형, 연애 스타일, 직장 유형 등)
✅ 트렌드 리스트 콘텐츠 (요즘 뜨는 AI 툴, 생산성 앱, 최신 라이프스타일 등)
✅ 생활 꿀팁 & 직장인 가이드 (시간 관리법, 돈 관리법, 생산성 높이는 방법 등)
✅ 이 외에도 알고 보면 유용한 모든 정보, 리스트로 쉽게 정리해서 제공합니다!

📌 ""핵심만, 리스트로!"" → ListAZ와 함께 트렌디한 정보를 빠르게 확인하세요!

🚀 [구독]하고 최신 리스트 콘텐츠를 놓치지 마세요!
📌 새로운 영상이 궁금하다면? 👉 🔔 알림 설정 필수!",0,2,79
교육,경기도교육정보기록원,UC6K-dOS1Nz-V5QQfcNY3yJA,"경기도교육정보기록원에서 운영하는 유튜브 채널입니다.

(배너 이미지 출처: 경기도교육청 홈페이지)
",7760,332,560174
교육,이투스교육평가연구소,UC5tK2KHr39WydS-FOjB1jmw,,33100,1151,3715749
교육,참나무교육 chamnamuedu,UCEU93IQ880Rk5p_J7YApCuw,"🌿안녕하세요 참나무교육입니다🌿

🌻참나무교육은 파괴되는 있는 자연을 상징하여 참나무를 선정하고, 자연의 품을 되살릴 수 있는 교육프로그램으로 인재를 양성하며 더 나아가 자연과 더불어 살아갈 수 있는 사회 조성에 이바지 할 수 있도록 노력하겠습니다🌻
",1130,128,151385
교육,강안교육,UCcP_1LZZGiTHx-7ROjISotA,"'8등급에서 서울대합격' 재수종합학원 강안교육

📞 전화문의 : 02-553-5205
📞상담 가능 시간
월 ~ 토 : 09시~22시
일요일  : 10시~19시

학원등록번호
- 대치강안교육학원 제13110호
- 대치강안교육스카이(SKY)학원 제13111호
- 대치강안교육프리미엄(Premium)학원 제13270호
- 대치강안교육스터디학원 제14241호
- 강안교육학원 제13835호
",1110,612,694801
교육,교육의 민족,UCAiieFMhZZiOYsK1hk76qmA,"■ 인터뷰 출연 문의 : lifeschool@kakao.com
",17100,385,3206275
교육,전북미래교육연구원,UCJ5tYbmwJWL9hJx48uDTnbA,"전북특별자치도교육청미래교육연구원(미디어지원팀)에서 운영하는 공식채널입니다
",2450,429,418937
교육,교육대기자TV,UCy1x3GhPFHtno57QTFmZPhQ,"교육 고민을 말끔히 해결해주는 교육대기자입니다
섭외 제보 및 문의 leo0521@naver.com

교육대기자TV는 공교육과 사교육을 막론한 교육전문가인 방종임 교육전문기자가 다양한 교육계 리더를 만나 궁금증을 해결해주는 채널입니다.  교육전문성과 두 아이를 둔 엄마로서의 경험을 바탕으로 학생과 학부모들의 리얼 교육고민을 낱낱이 풀어드립니다. 입시부터 자녀양육까지 모두 풀어드리니 고민이 있으시다면 필수 시청해주세요!!

",519000,727,100731880
교육,교육나침반,UC73t_enGYr_-mLv4vg5q6XQ,"초등,중등,고등 자녀교육•건강•육아•아동심리에 대한 정보 나눔, 
아이들과 함께 성장중인 엄마의 유튜브 채널 입니다.
저의 교육모토는 ‘어떻게 하면 아이와 좋은 관계를 유지하면서 최대한 효과적인 결과를 낼 수 있을까?’ 이며 
그에 대해 언제나 고민하고 공부하고 있습니다.
• 前 유초등 중국어 강사 
• 출연 및 협업은 아래 메일로 보내주시면 감사하겠습니다
👉🏻 tnghl84@gmail.com
",12000,160,1602718
교육,수면교육연구소 sleep_education_lab,UCDM_pWK-Apgv1u2mqnRGrvA,"💁‍♀️채널 소개 (Sleep_education_lab )

수면교육연구소 슬로건 🙏

1. 잘 때 마다 행복한 채널 수면교육연구소 🥰
2. 우리는 못자는 한이 있더라도 수면이 분들은 반드시 꿀잠 잘 수 있게 최선을 다하자 😴
3. 책 안에 뻔한 내용 보다 한 분 한 분이 진짜 잠들 수 있는 수면 ASMR을 제작하자 💪
4. 구독자 분들에게 사랑 받은 만큼 반드시 돌려주는 채널이 되자 🧡
5. 구독자 숫자에 눈 멀어서 마구잡이로 채널을 운영하기 보다, 한 분 한 분을 정말 소중하게 생각하는 채널이 되자 😇
6. 우리가 먼저 듣고 잘 수 있는 영상만 업로드 하자 😍 

🙋‍♀️수면교육연구소의 가족 소개 

수면교육연구소 채널은 수면이 여러분들과 수면교육연구소 모두가 함께 고민하고, 함께 개선하고, 함께 꿀잠자고, 함께 운영하는 채널입니다. 그러기에 수면교육연구소를 이용하시고, 개발하는 모두가 한 가족입니다. 🥰

- 바른수면관리사 
- 음악쌤, 수면쌤
- 불면증으로 고생하시는 수면이 여러분
- 아이랑 함께 주무시는 육아맘,팜
- 좋은 아이디어를 주시는 수면이
- 우리 20,30,40,50,60,70대 수면이 여러분

수면교육연구소 소속사 소개

CJ 엔터테인먼트 (Entertainment )
다이아 TV 힐링 파트 소속


",174000,17,2071787
교육,KICE 한국교육과정평가원,UCdrgKUPCbSV1208y8ly6VQw,"""학교교육의 혁신을 견인하는 교육과정·교수학습·교육평가 연구 기관""
한국교육과정평가원은 「교육과정 연구·개발, 교과용도서 연구·검정, 교수학습 연구·개발, 교육평가 연구·시행, 대학수학능력시험 연구·시행, 국가고사 연구·시행, 국제교육협력」을 수행하는 정부출연연구기관입니다.

한국교육과정평가원 홈페이지 : http://www.kice.re.kr/
페이스북 : https://facebook.com/KICEPR
블로그: https://blog.naver.com/kice_blog
인스타그램: https://www.instagram.com/kice_media/
카카오톡 채널: http://pf.kakao.com/_cFXTn


",6080,329,1124295
교육,대구광역시교육연수원,UCWH-hKy1cjWbn1-TZzf0Img,"대구광역시교육연수원(https://edu.deti.or.kr/)에서 운영하는 유튜브채널입니다. 
다양한 콘텐츠를 활용하여 온라인 플랫폼 활용 연수를 운영하겠습니다.

📢 코로나19로 인해 다양한 직무연수를 유튜브로 실시
📢 원격수업을 지원하는 다양한 영상자료 제공
📢 (유튜브&도서) 미래 플랫폼 활용 쌍방향 화상 직무연수 실시
📢대구광역시교육연수원 유튜브 채널 홈▶ http://gg.gg/deti-home 
📢대구광역시교육연수원 유튜브 채널 구독하기▶ http://gg.gg/deti-sub",8850,578,799195
교육,서울특별시교육청교육연수원,UC2ZRQo_FDWMg-oOpNy6rb8A,"서울특별시교육청교육연수원
http://www.seti.go.kr",6590,144,242045
교육,골똘 자녀교육,UC3YH2CMgmYcehkDsxo_pDRw,"25년간의 자녀교육 스토리, 홈스쿨,과학고,대학입시,수학공부",2840,152,291050
교육,한국교육시설안전원,UCy9u2yD4VVZHtrR6Op2nV0g,,2200,239,228194
교육,국가환경교육 통합플랫폼,UCbg-T60YlygxsSyZ2RnDguA,"[구독,팔로우 바로가기]

블로그 ▶ https://blog.naver.com/keepblog

페이스북 ▶ https://www.facebook.com/keepface

인스타그램 ▶ https://www.instagram.com/keep_eco/

카카오톡 채널 ▶ https://pf.kakao.com/_xjDbQK

유튜브 ▶ www.youtube.com/keepyoutube

",10700,872,2012250
교육,서울특별시교육청교육연구정보원,UCvLh1MdEbn6T15PEYlYRnwA,"서울특별시교육청교육연구정보원의 공식 유튜브 채널 쌤과 통하는 쌤TV를 찾아 주셔서 감사합니다.
서울시교육청 선생님들을 위한 자기계발 장보와 서울시의 초등학교 중학교 고등학교 학생들을 위한 학교생활 정보가 담긴 재미있는 동영상이 업로드 됩니다.
구독 /  알림 하고 응원해 주시면 더 좋은 진학 관련 정보 더 재미있는 학교생활 정보를 공식 유튜브 채널을 통해 소개하겠습니다.
서울시교육청교육연구정보원에서 모두가 행복한 혁신 미래교육을 확인해 보세요.",30500,1056,3200183
교육,별의별 교육연구소,UCt3_VuMWXdBRzuMlBCk8q9A,"별&별 장학사와 함께하는 별의별 교육이야기
다양성을 추구하는 교육, 모든 학생을 별처럼 소중히 하는 교육을 지향합니다. 
영재학생에 대한 바른 이해와 학부모 교육, 효과적인 영재교육 방법에 대한 자료를 공유하는 교육연구소가 되겠습니다. 

별의별 교육연구소 네이버 블로그
https://blog.naver.com/PostList.nhn?blogId=edu-bigstar

#교육정책 #영재교육 #미래교육 #별의별교육연구소 

문의: ewwe99@naver.com
",8340,414,708304
교육,교육TV,UCexUyFaq9YH7XJfCQzVR_jg,"교육TV
교육부 공식 유튜브 입니다. :)

다양한 교육이야기와 진로 등 꼭 필요한 교육정보가 있는 교육TV! 
구독 및 좋아요를 꼭꼭 눌러주세요~  

- 교육부 홈페이지: https://www.moe.go.kr
- 교육부 블로그: https://blog.naver.com/moeblog
- 교육부 페이스북: https://www.facebook.com/ourmoekr
- 교육부 X: https://twitter.com/our_moe
- 교육부 인스타그램: https://www.instagram.com/moe_korea
",93000,2569,55814069
교육,꽁교육+,UCUkx8kqa_15bu0zal8Q9LOA,"👉구독! 꾸~~욱~!

세상의 모든 교육!
즐길 준비 되셨나요?😊

출연 및 제작문의 
knoukkong@gmail.com
----------------------------
강연 내용과 관련 없거나 특정인 비난, 욕설 등의
시청자 댓글은 임의 삭제 될 수 있습니다.
",129000,485,58555425
교육,교육방송이라우,UCz6s57A3XEKLEDk6nXaMa-w,연맹 내부 교육용 알아서 보라우,4180,739,1203848
과학 기술,한국과학기술연구원KIST,UCLJtuxDBeSpf-d3m6f_DKtA,한국과학기술연구원 (KIST)의 유튜브 채널입니다.  KIST의 연구성과 및 소식 유튜브를 통해 확인하세요! 좋아요와 구독은 필수:),3180,189,154061
과학 기술,한국과학기술정보연구원,UCljoEQ1t7mLVx0W3EdqoOgQ,"한국과학기술정보연구원(KISTI) 공식 채널입니다.
",6660,374,292448
과학 기술,국가과학기술연구회(nst),UC9drs2p8VWRD590iaTLVFkg,"미래를 먼저 만나보다. 국가과학기술연구회
National Research Council of Science & Technology

문의 : sue@nst.re.kr

블로그 : blog.naver.com/nststory2014
인스타 : instagram.com/nststory2014",38800,365,6184468
과학 기술,대전과학기술대학교,UCwm9rQBarOc7Sx7M3i3_BbA,"새로운 가능성, 대전과학기술대학교와 함께하세요.",1460,559,1014884
과학 기술,김포과학기술고등학교,UCetx_uQyoiMHrs45_86WbHQ,"김포과학기술고등학교(구 김포제일공업고등학교) 공식채널입니다.

학교홈페이지 - www.gptech.hs.kr
학교 전화번호 - 031-999-3655
학교 FAX - 031-999-3629
",187,63,50671
과학 기술,한국과학기술한림원,UCPXHGG6cfvqVGWEkIp17B7A,"한국과학기술한림원(KAST)의 공식 유튜브 채널입니다.
This is the official YouTube channel of  ""The Korean Academy of Science and Technology(KAST)"".



",23300,432,2086513
과학 기술,ScienceGraphic.net과학기술영상,UCZa8ssConBuKM6O3wbQr1hQ,"홈페이지 www.ScienceGraphic.net / 이메일     sciencegraphicnet@gmail.com
문의처 : 이창규 이사 010-3225-4405
ScienceGraphic.net은 기술영상분야에서 15년 이상 경험을 축적한 (주)고신미디어에서
운영하는 과학기술영상 전문 채널입니다.  대중에게 연구개발성과의 내용을 
보다 재미있고 쉽게 전달하는 최고의 과학기술영상의 제작과 배포를 하고 있습니다.",6330,413,1240355
과학 기술,국토교통과학기술진흥원,UCOrpBi5ETj7EyDhoT7utAiw,"국토교통연구개발사업의 기획과 관리, 평가와 신기술 심사, 기술의 가치평가 등을 전담하는 
국내 유일의 국토교통부 산하 R&D전문기관, KAIA의 공식 유튜브 채널입니다.",12800,487,1090589
과학 기술,한국과학기술기획평가원 (KISTEP),UCX6e_6KAnujyrIZ_nmvHotA,한국과학기술기획평가원의 유튜브 TV,6370,612,624383
과학 기술,과학기술정보통신부,UCjeajitvt5U76154ynrVzAA,"

",66700,2002,28778124
과학 기술,TSP NEWS [과학기술],UCZfsEDznHWsGYXOACtxbM5A,"TSP NEWS는 전 세계에서 쏟아져 나오는 수많은 첨단 과학과 기술에 관한 뉴스를 모아서 재밌고 이해하기 쉽게 알려드리는 것을 목표로 하고 있습니다. 내용을 보시고 마음에 드시면 잊지 말고 ""좋아요"" 눌러주시고 구독해 주시기 바랍니다. 감사합니다.",154000,66,11258134
과학 기술,국가과학기술인력개발원 (KIRD),UCOiPUleeCt89_1mNlJRFbTg,"국내 유일 과학기술 인재개발 전문기관, 👩‍🔬국가과학기술인력개발원(KIRD)👨‍🔬입니다!

※ 비방, 욕설, 개인정보, 허위사실 등 부적절한 내용이 포함된 댓글은 관리자가 삭제 처리하니 참고하시기 바랍니다👏
(📲 문의 : 043-251-7021)
",9170,721,1153192
과학 기술,한국과학기술단체총연합회,UC-NCnfxdAwke4hYdLEEuJfg,,7040,805,661681
과학 기술,경기과학기술대학교 GTEC TV,UCPxkeg3UWrsazsQFxiqIs-A,경기과학기술대학교 공식 유튜브 채널,1410,299,418471
과학 기술,해양수산과학기술진흥원,UCStV1YXYS9K_8U93V_xej_g,"해양수산부 산하기관 해양수산과학기술진흥원(KIMST)의 공식 채널입니다.
기관정보를 알리고, 해양수산 R&D를 수행하시는데 도움이 되고자 콘텐츠를 제작 중입니다!

'구독 / 알림설정 / 좋아요' 부탁드립니다! 감사합니다. 

#해양수산과학기술진흥원 #KIMST #R&D관리전문기관 #소통 #고객만족",2770,529,196839
과학 기술,서울과학기술대학교,UCCKn_W_0PBvnvzsasP14nYw,서울과학기술대학교 공식 유튜브 채널입니다.,18300,860,23458869
과학 기술,서울도시과학기술고등학교,UCkdD9DyUzswd0v4lE9TJW5A,,122,33,16413
과학 기술,과학기술 읽어주는 남자,UC2ta0R2VVZZGlejlJveMGxA,"보기만 해도 똑똑해지는 최신 과학 소식 이야기

과학기술 저널에 실린 최신 기사들을 정리하여 여러분들께 소개드립니다.
모든 대본은 제가 직접 논문을 읽고 정리하여 작성합니다.

감사합니다.

비즈니스 문의: scientistturo@gmail.com
인스타그램: @scientist_turo
",5410,99,2163961
과학 기술,숭의과학기술고 방송부,UCz5UXI-t857puDJbq_jmOdA,,121,56,25425
과학 기술,대한민국 과학기술유공자,UCXzpyJ5_m8nPNL6KkqimGDQ,"대한민국 과학기술유공자 홍보 및 활동 소개를 위한 공식 유튜브 채널입니다.
자세한 사항은 과학기술유공자 홈페이지를 참고 부탁드립니다.

https://www.koreascientists.kr/scientists/
",2140,72,152948
비영리 활동,비영리민간단체 With-us,UCpL-hjYMutKJfGGJ-EBeA5w,,1,7,213
비영리 활동,비영리단체 이음새 (Footbridge),UCcihvllaU2Tf6wkF8ZIZTZg,"나라와 나라, 세대와 세대 간을 잇는 프로그램을 진행합니다.

* 후원 : 하나은행 163-910029-06104 (예금주: 이음새)

#이음새 #공익단체 #떼제 #기독교 #천주교 #개신교 
",141,39,5859
비영리 활동,국제개발협력실천시민연합,UCGfqfG0MuuZf6g3e8CVKKRQ,"국제개발협력시민실천연합(IDCA)은 
지속발전목표(SDGs) 실천을 목표로
대구에 본사를 두고 있는 비영리 민간단체입니다.
봉사공헌활동, 정책사업활동, 교육홍보활동, 연구출판활동을 
정부기관 , 지자체, 대학교와 연계하여  활동을 하고 있습니다

홈페이지는
 www.idca.or.kr
후원회원가입은 1년 1만원입니다.

지구촌 구성원 모두 다함께 잘살기 위한 
연구와 실천에 
뜻있는 분들의 방문과 관심을 부탁드립니다.


",776,95,59442
비영리 활동,하나우리 비영리단체,UCUMja2JiD-I-CT7t6QnDtxw,,7,7,280
비영리 활동,주민TV비영리 사회공헌 청년봉사단 `다소모`,UCLaA-VC5gUUndrxw1kDPBag,"[주민TV] 비영리 청년봉사단 다소모의 공식활동을 담은 채널이며, 다국적 청년들의 유쾌한 주민방송 입니다.

비영리 청년봉사단 `다소모`는...

 봉사활동 및 커뮤니티 소모임으로 우리주변의 삶과 생활에 대한 관찰과 이해를 넓히고 빠르게 변화하는 사회적문제들을 청년주민들이 5대가치관을 바탕으로 대안책을 연구ㆍ실천 합니다.

 최근에는 다국적 청년들과 함께하는 유쾌한 봉사활동으로 취약계층과 국민들을 위한 국난 및 재난극복을 위한 활동 등을 전개했습니다.

5대가치 | 선의ㆍ환경ㆍ중립ㆍ실천ㆍ청년

다(多)가치 청년 소모임

포털검색 | 청년봉사단 다소모
Instagram  | 최신 활동사진과 영상클립  https://www.instagram.com/joomintv
Facebook   | 상동                                        https://www.facebook.com/joomintv
Naver Blog | 2018~ 활동보도자료           https://blog.naver.com/noryangjinfreedom
Naver Cafe | 친목소모임 및 함께운영터 https://cafe.naver.com/seoroseoro.cafe",11,1,105
비영리 활동,이용원,UCLWE2jNFvuumTnFN_NIz1NQ,"대한민국을 넘어 전세계 사람들과 소통하며 감사하게 살아가는 자유대한민국을 사랑하는 국민

비영리활동/후원사절

직업 - IPTV 케이블TV 안전전문채널 SafeTV 대표이사/사주

취미 - 전세계 유튜브 브랜드채널 인수 / 500만 구독자 채널 포함 57개 총 2700만 구독자 유튜브채널 MCN 운영 중

본 채널은 구독자 350만 때 브랜드채널 소유권 인수 방식으로 인수해서 현재까지 구독자를 1백만명 이상 늘리면서 즐겁게 비영리 활동을 하고 있음

학력 - MBA at Stuart Graduated School of Business, Illinois Institute of Technology, Chicago, Illinois

경력 - 방송국(지역케이블방송, 전국채널방송) 대표이사 20년( 2005~현재 )

책 - 광화문 KPARTY 광장수호 자유수호 7년의 기록 2024,  패자부활 그리고 시작 2016
네이버검색 - 이용원 대표( http://bit.ly/1C0pkKI )

기타 - 특전통신, 킥복싱(1991년부터)",4840000,2120,1863719908
비영리 활동,부산시민재단,UCx4d1_o0F49vbBemFPdAC5w,"부산시민재단은 2008년 부산지역 시민사회 활성화와 지속가능한 공익활동의 지원을 목적으로 창립한 비영리법인 입니다. 지난 15년 동안 부산시민의 공익활동을 지원하고, 건강한 시민사회 조성과 비영리 생태계 구축을 위해 노력하였습니다. 이제 '시민과 함께 사회를 혁신하고 더 새롭고 창의적인 가치 실현'이라는 새로운 사명으로,  지역 시민사회의 사회적 영향력을 높이고, 기부문화 확산과 공익활동가의 성장을 돕는 일에 더욱 매진하겠습니다.",13,9,456
비영리 활동,2023 경상북도 비영리민간단체 공익사업,UC4lPvUwXgrlmRJQgb1Mbn8A,,3,1,182
비영리 활동,GG사회적협동조합,UCoirtDm0poCoQQ8jN2rm1-w,"GG사회적협동조합은 관리비를 받지 않고 무상 ERP프로그램을 이용하여 일반 관리비 청구없이 건물을 관리해드리며, 주택하자문제를
해결하는 다양한 공익활동을 하고 있는 국토부 주거복지과 와 한국사회적기업진흥원의 유일한 허가 주거복지 비영리 활동 재단입니다.  
",76,38,3872
비영리 활동,비영리민간단체공익활동 지원사업,UCViDKyVKryYf58pvL6IAEdg,,36,3,1766
비영리 활동,비영리 미디어 컨퍼런스 체인지온,UCixae5mHpu6kWIe2_LkZq3g,"비영리 미디어 컨퍼런스 체인지온은 공익적 활동을 하는 비영리 단체들이 미디어를 활용하여 새로운 가치를 만들어내고, 사회 변화의 원동력을 확보하는데 필요한 창의적이고 혁신적인 생각과 정보를 나누기 위해 다음세대재단이 준비하는 컨퍼런스 입니다.
",129,26,11661
비영리 활동,엘루야(Eluia),UCAM2X3rnkBumTvr8JINliUw,"엘루야는 2010년 개발도상국 봉사활동을 시작으로 2021년 정식으로 설립된 비영리단체입니다. 
동남아시아를 주 활동지역으로 하여 접근성이 제한적이고 인프라가 열악한 저개발지역을 발굴하고 보건 및 의료 지원, 교육 지원, 생계 지원 사업을 수행합니다. 

""사랑하고 살리는"" 이라는 설립이념 아래 전 세계에 소외된 지역에 사랑과 나눔의 가치를 실천하고 있습니다.",3,1,28
비영리 활동,서청대 광야교회 비영리공익재단.공익제보,UCuNGcGoJ2pkdALooBzrWzMw,대통령직 임기가 1년 4개월 남은 자유대한민국 박근혜 정통 합법 대통령각하!! 불법파면! 주권횡령사태! 박대통령 각하 청와대로 즉각복귀가 정답입니다. 장민성집사. 장민성인권복지사.,90,2,177
비영리 활동,스마트한 비영리,UCZt8JR4E2jbSfBRQhDUAoPA,,985,29,70381
비영리 활동,광주광역시 비영리민간단체,UCe773sQa__W8w6Imn3RFf1g,,1,1,269
비영리 활동,전국입양가족연대비영리단체,UCImck8_yEVzge4tRLek3cnQ,,28,5,3712
비영리 활동,비영리민간단체전청운,UCdIjXZcGleBiqdR1iksOIXQ,"전국취약계층청소년돕기운동본부중앙회는 장학금과 1:1자매결연 등을 목적으로 청소년에게 재능교육기회를 부여하고 직업진로체험 및 선택을 할 수 있도록 현직에 계시는 영화감독,영상감독,촬영감독 등 연기자가 직접 멘토로 교육수료후 취업을 실시합니다",8,19,3132
비영리 활동,한국가족보건협회,UC8kvGoKPWtlhsFBldriluXg,"사단법인 한국가족보건협회(Korea Association of Familay And Health), 이하 한가협(KAFAH)은
대한민국 청소년 에이즈 감염자의 급증을 막기 위해 예방 사업을 펼치며 가족보건향상을 도모하는 활동을 하는 비영리 공익단체입니다.

(사)한국가족보건협회는 아래와 같은 일을 합니다. 
1. 에이즈 예방을 위한 홍보 및 캠페인 활동
2. 가족보건향상을 위한 조사 연구활동, 정보수집, 학술연구 및 토론회
3. 정부에 국민보건향상을 위한 정책 제안.

(사)한국가족보건협회는 여러분의 후원으로 운영됩니다. 
매월 천원이라도 정기후원신청을 해주시면 가족보건사업에 큰 힘이 됩니다. 
자라나는 다음세대가 건강한 삶으로 건강한 가족이 가정을 이루고 건강한 대한민국이 되도록 마음과 정성을 모아주심에 깊은 감사를 드립니다. 


* 공식후원계좌 : 
    예금주:  (사)한국가족보건협회
    하나은행 241-910014-44304
",880,20,5100
비영리 활동,Seoul Street Performance서울 스트리트 퍼포먼스,UCcfYX8hLUH44qIJl9P_UH5g,"서울스트리트 퍼포먼스는 비영리문화예술 단체입니다.

공연,교육,NGO활동을 하고 있으며 여러분들의 적극적인 참여와 후원으로 만들어진 단체입니다.

많은 사랑 부탁드려요!!",175,159,73776
비영리 활동,비영리IT지원센터,UCbhd5xPQahf0H83btIvmsEA,"안녕하세요! 비영리IT지원센터입니다. 저희 유투브 채널에 와주셔서 감사합니다. 
☞ 최신 디지털사회혁신 동향
☞ IT와 친해지기 위한 교육, 행사, 그리고 활용 팁!
☞ 글로벌 IT NGO 테크숩을 통한 다양한 혜택 등을 제공해드리고 있습니다.",741,376,95180
